"","Storm_ID","Vol_mcubed","length_H","Intensity","H_Index"
"1","2013-01-15 02.15.00",26237.7666111031,5,5247.55332222062,90.4623675322875
"2","2013-01-15 07.30.00",18600.5758406269,3,6200.19194687562,63.3323070290486
"3","2013-01-15 10.45.00",2607.71979248136,0.5,5215.43958496272,NA
"4","2013-01-15 11.30.00",23962.1133192714,5,4792.42266385429,6.05102599717524
"5","2013-01-15 16.45.00",2455.56654809854,1,2455.56654809854,50.2844728410857
"6","2013-01-15 18.00.00",24727.5936229152,5.5,4495.92611325731,16.4116309133603
"7","2013-01-15 23.45.00",83340.8817316769,11.25,7408.07837614906,4.51769866035687
"8","2013-01-16 11.15.00",1227.97216026385,0.5,2455.9443205277,NA
"9","2013-01-16 12.00.00",5114.55667746574,1.5,3409.70445164383,NA
"10","2013-01-16 13.45.00",29824.4151220978,8.5,3508.7547202468,4.1447055535992
"11","2013-01-16 22.30.00",688.9748507444,0.5,1377.9497014888,1.33572146581596
"12","2013-01-18 20.15.00",0,0,NA,NA
"13","2013-01-18 20.30.00",403.089157680386,0.25,1612.35663072154,NA
"14","2013-01-18 21.00.00",1981.20485216623,1.25,1584.96388173298,19.9725139844154
"15","2013-01-18 22.30.00",2174.30943885132,1.5,1449.53962590088,5.15643586461575
"16","2013-01-19 00.15.00",339.760286977331,0.25,1359.04114790932,NA
"17","2013-01-19 00.45.00",331.233691266799,0.25,1324.9347650672,NA
"18","2013-01-20 21.00.00",342.827542636823,0.25,1371.31017054729,NA
"19","2013-01-20 21.30.00",2422.0134160285,1.75,1384.007666302,6.48925567599273
"20","2013-01-30 21.15.00",496.840940320362,0.25,1987.36376128145,NA
"21","2013-01-30 21.45.00",259547.029629361,14.25,18213.8266406569,158.914354772688
"22","2013-01-31 12.15.00",3105.85177743911,1.25,2484.68142195129,3.75040329394544
"23","2013-01-31 13.45.00",2746.30697421043,1.25,2197.04557936835,1.25150808411323
"24","2013-01-31 15.15.00",1007.65098426208,0.5,2015.30196852417,1.61176744215916
"25","2013-01-31 16.00.00",1433.45658883868,0.75,1911.27545178491,2.02296585493403
"26","2013-01-31 17.00.00",451.821017781402,0.25,1807.28407112561,NA
"27","2013-01-31 17.30.00",2431.34652298326,1.5,1620.89768198884,0.921022155560788
"28","2013-01-31 19.15.00",2888.53790077097,2,1444.26895038549,1.01266454835917
"29","2013-01-31 21.30.00",685.650692776606,0.5,1371.30138555321,1
"30","2013-01-31 22.15.00",680.349052031881,0.5,1360.69810406376,0.223221814577634
"31","2013-01-31 23.00.00",1007.38017438937,0.75,1343.17356585249,1.87579224410261
"32","2013-02-08 21.15.00",0,0,NA,NA
"33","2013-02-13 16.45.00",2737.78545978719,1.75,1564.44883416411,0.362186874427187
"34","2013-02-26 18.30.00",2847.03003911365,1.75,1626.87430806495,8.44453090706269
"35","2013-02-26 20.30.00",820.525590362565,0.5,1641.05118072513,NA
"36","2013-02-26 21.15.00",7678.58948687405,3.75,2047.62386316641,95.3571801064744
"37","2013-03-06 00.45.00",409.134647093004,0.25,1636.53858837202,NA
"38","2013-03-06 01.15.00",9971.33359480265,3.25,3068.10264455466,122.847441501008
"39","2013-03-06 04.45.00",758.67014710066,0.25,3034.68058840264,NA
"40","2013-03-06 05.15.00",7409.88055941487,3.5,2117.10873126139,6.03511877349394
"41","2013-03-12 03.45.00",5573.71706759142,2,2786.85853379571,94.0003991444429
"42","2013-03-12 06.00.00",11215.919613709,2.25,4984.85316164845,29.5303568162606
"43","2013-03-12 08.30.00",38599.7478246256,7.5,5146.63304328342,41.0587999988152
"44","2013-03-18 00.30.00",14723.3891754772,5,2944.67783509543,23.2061909254753
"45","2013-03-18 20.45.00",10976.0842323956,4.75,2310.75457524117,154.857813768611
"46","2013-03-31 10.15.00",3750.17286740996,1.25,3000.13829392797,79.0454132335697
"47","2013-03-31 11.45.00",2817.14366208914,1,2817.14366208914,69.649801889192
"48","2013-03-31 13.00.00",8596.39242011887,3.75,2292.3713120317,38.0330550164882
"49","2013-04-05 02.00.00",5608.24834886945,3.25,1725.61487657521,NA
"50","2013-04-05 05.30.00",7334.00834332493,4.25,1725.64902195881,24.9707621972257
"51","2013-04-05 14.30.00",22309.2950384031,8.25,2704.15697435189,86.9839167647978
"52","2013-04-12 05.45.00",1426.15577181153,0.5,2852.31154362307,NA
"53","2013-04-12 06.30.00",64243.0690150715,7.75,8289.42826000922,37.7146124572303
"54","2013-04-15 07.15.00",4395.11889454576,2.75,1598.2250525621,11.1006498991921
"55","2013-04-15 15.30.00",1519.75736158696,1,1519.75736158696,68.2129098725291
"56","2013-04-19 19.15.00",28685.9658076226,1.75,16391.9804614986,84.2254331545321
"57","2013-04-24 22.00.00",0,0,NA,NA
"58","2013-04-28 14.00.00",1716.41352548532,1,1716.41352548532,NA
"59","2013-04-28 15.15.00",4502.38223832218,2.75,1637.22990484443,1.58076724212801
"60","2013-05-06 17.45.00",51447.5886444038,7.5,6859.67848592051,3.52496109594583
"61","2013-05-07 05.45.00",2573.34449224222,1.75,1470.48256699556,9.9692396535642
"62","2013-05-07 15.00.00",55531.3782105409,6.5,8543.28895546783,14.8271384694755
"63","2013-05-07 22.30.00",1502.9645960901,0.75,2003.9527947868,10.6481377543887
"64","2013-05-07 23.30.00",5823.19794223675,3.5,1663.77084063907,7.37745207432965
"65","2013-05-08 12.00.00",92966.4569526654,14,6640.46121090467,4.1388905447083
"66","2013-05-09 02.15.00",2162.1244036674,1.5,1441.4162691116,1.33754398227699
"67","2013-05-09 04.00.00",340.979941324965,0.25,1363.91976529986,NA
"68","2013-05-09 04.30.00",334.872884715338,0.25,1339.49153886135,NA
"69","2013-05-09 05.00.00",331.231494574096,0.25,1324.92597829639,NA
"70","2013-05-10 21.15.00",864.253155162535,0.25,3457.01262065014,0
"71","2013-05-10 21.45.00",26718.1612928189,7.25,3685.26362659571,43.4748021068913
"72","2013-05-11 16.15.00",1006.20890684354,0.5,2012.41781368708,4.31940450530136
"73","2013-05-11 17.00.00",7665.44200815926,3.75,2044.11786884247,10.5789278615142
"74","2013-05-11 21.00.00",422.034550307817,0.25,1688.13820123127,NA
"75","2013-05-11 21.30.00",16466.5891808563,6.25,2634.65426893701,35.2037333758044
"76","2013-05-17 20.00.00",3309.60338859778,1.5,2206.40225906519,23.3605959574024
"77","2013-05-17 21.45.00",3007.67679856272,1.75,1718.67245632156,28.9343341105385
"78","2013-05-18 17.15.00",58092.3312119458,6.75,8606.27129065863,100.681046863598
"79","2013-05-19 01.15.00",8263.68350519904,4.25,1944.39611887036,0.528587939511283
"80","2013-05-19 07.30.00",9512.52147599563,5,1902.50429519913,2.45667581905685
"81","2013-05-23 22.15.00",11388.3217872631,4.25,2679.60512641485,108.631423723684
"82","2013-06-02 17.00.00",3373.10143111366,1.75,1927.48653206495,28.0644013901611
"83","2013-06-06 08.30.00",6713.27354871652,2.25,2983.6771327629,NA
"84","2013-06-06 11.00.00",24177.2872580414,2.25,10745.4610035739,NA
"85","2013-06-06 15.30.00",34531.5004890446,1.25,27625.2003912357,1.93389423076923
"86","2013-06-06 17.00.00",76774.5783874956,5,15354.9156774991,14.9930330292572
"87","2013-06-06 23.00.00",4871.64979084151,3,1623.88326361384,6.2665164911008
"88","2013-06-07 09.45.00",6527.06458377958,4,1631.7661459449,9.15931465036318
"89","2013-06-08 11.30.00",10849.3799725581,3.75,2893.16799268217,39.1082643865982
"90","2013-06-10 09.30.00",3364.11886065148,1.75,1922.35363465799,1.15986546641499
"91","2013-06-10 11.30.00",5944.59159470624,3,1981.53053156875,13.5258087290417
"92","2013-06-10 17.30.00",2299.11707272541,0.25,9196.46829090163,NA
"93","2013-06-10 18.00.00",76863.9582629924,7.25,10601.9252776541,14.9625686539146
"94","2013-06-11 05.00.00",552.961497143301,0.25,2211.8459885732,NA
"95","2013-06-11 05.30.00",21734.0720104564,6.25,3477.45152167303,35.304698548911
"96","2013-06-11 12.00.00",344.055982442153,0.25,1376.22392976861,NA
"97","2013-06-11 12.30.00",329.420135328154,0.25,1317.68054131262,NA
"98","2013-06-13 19.00.00",2712.66648875495,1.75,1550.0951364314,3.08146818035459
"99","2013-06-17 04.00.00",4850.4264093228,3,1616.8088031076,31.0070571042648
"100","2013-06-18 11.30.00",0,0,NA,NA
"101","2013-06-18 12.30.00",940.456808596344,0.25,3761.82723438538,0
"102","2013-06-18 13.00.00",48282.4209261851,6.75,7152.95124832372,14.655553352115
"103","2013-06-19 20.45.00",1958.51347653374,0.25,7834.05390613495,NA
"104","2013-06-19 21.15.00",75233.9529344245,6.75,11145.7708050999,0.0653755321786987
"105","2013-06-26 17.45.00",993.088284636228,0.25,3972.35313854491,0
"106","2013-06-26 18.15.00",44886.0301061914,3.25,13811.0861865204,12.0924298958961
"107","2013-06-27 15.30.00",0,0,NA,NA
"108","2013-06-27 16.30.00",3143.05283876677,2,1571.52641938338,26.9696134986253
"109","2013-06-30 07.15.00",2423.99306242613,1.5,1615.99537495075,30.6412507745587
"110","2013-06-30 23.00.00",1043.06013737347,0.25,4172.2405494939,NA
"111","2013-06-30 23.30.00",49623.376338524,6.75,7351.61130941096,31.475344876001
"112","2013-07-02 14.15.00",9065.173707598,3,3021.72456919933,51.4551221202514
"113","2013-07-02 17.30.00",5398.99605835799,2.25,2399.55380371466,9.75848758367795
"114","2013-07-02 22.00.00",597.696175135058,0.25,2390.78470054023,NA
"115","2013-07-02 22.30.00",2502.12187462903,0.75,3336.16249950537,NA
"116","2013-07-02 23.30.00",9435.25449073946,3.75,2516.06786419719,28.4033212716251
"117","2013-07-03 17.45.00",0,0,NA,NA
"118","2013-07-03 18.00.00",34213.9871296268,2.25,15206.2165020564,24.9339192721849
"119","2013-07-03 20.30.00",167679.561279456,4.25,39454.0144186956,8.4509857612267
"120","2013-07-04 01.00.00",140326.643346755,5.25,26728.8844470009,7.63067061143985
"121","2013-07-04 06.30.00",6061.79519999449,0.5,12123.590399989,1.2826086956522
"122","2013-07-04 07.15.00",39456.8316039544,5,7891.36632079089,1.99286033702466
"123","2013-07-04 12.30.00",3265.93969689816,1,3265.93969689816,0.00362533156434661
"124","2013-07-04 13.45.00",713.685580592002,0.25,2854.74232236801,NA
"125","2013-07-04 14.15.00",1345.92056607124,0.5,2691.84113214248,1.15502601413762
"126","2013-07-04 15.00.00",653.077308493401,0.25,2612.30923397361,NA
"127","2013-07-04 15.30.00",3601.50198280756,1.25,2881.20158624605,NA
"128","2013-07-04 17.00.00",8904.11911725438,3.5,2544.03403350125,4.97373167018129
"129","2013-07-04 20.45.00",982.486857078122,0.5,1964.97371415624,1.59152144548661
"130","2013-07-04 21.30.00",2261.3288949013,1.25,1809.06311592104,1.90726851204991
"131","2013-07-04 23.00.00",424.710990229845,0.25,1698.84396091938,NA
"132","2013-07-04 23.30.00",422.003871546827,0.25,1688.01548618731,NA
"133","2013-07-05",429.5148056369,0.25,1718.0592225476,NA
"134","2013-07-05 00.30.00",1250.14774975569,0.75,1666.86366634091,1
"135","2013-07-05 01.30.00",1229.86822680061,0.75,1639.82430240082,3.89951016626831
"136","2013-07-05 02.30.00",1971.28866951549,1.25,1577.03093561239,2.04024716785658
"137","2013-07-05 04.00.00",390.54905823729,0.25,1562.19623294916,NA
"138","2013-07-05 04.30.00",382.029051826467,0.25,1528.11620730587,NA
"139","2013-07-05 05.00.00",777.148979012435,0.5,1554.29795802487,NA
"140","2013-07-05 05.45.00",2001.74848751342,1.25,1601.39879001073,5.77076875308898
"141","2013-07-05 07.15.00",790.289601777074,0.5,1580.57920355415,1.30133385370985
"142","2013-07-05 08.00.00",380.084844319287,0.25,1520.33937727715,NA
"143","2013-07-05 08.30.00",1496.93486523435,1,1496.93486523435,1.7018963338978
"144","2013-07-05 09.45.00",1842.59003526881,1.25,1474.07202821505,0.519874758366582
"145","2013-07-05 11.15.00",1148.1767831501,0.75,1530.90237753347,NA
"146","2013-07-05 12.15.00",1515.70372507613,1,1515.70372507613,1.67746607913394
"147","2013-07-05 13.30.00",360.267268943538,0.25,1441.06907577415,NA
"148","2013-07-05 14.00.00",355.866164036625,0.25,1423.4646561465,NA
"149","2013-07-05 14.30.00",343.48513828825,0.25,1373.940553153,NA
"150","2013-07-05 15.00.00",2698.26806089662,2,1349.13403044831,0.65763718822915
"151","2013-07-07 18.45.00",0,0,NA,NA
"152","2013-07-07 19.00.00",37155.3019723527,9,4128.36688581697,18.8017397276627
"153","2013-07-08 04.15.00",1078.05757126011,0.75,1437.41009501348,1.12237046197765
"154","2013-07-08 05.15.00",682.017721306736,0.5,1364.03544261347,0.809076377913364
"155","2013-07-10 20.15.00",709.957762481473,0.25,2839.83104992589,0
"156","2013-07-10 20.45.00",54744.465030776,8,6843.058128847,53.1414080673846
"157","2013-07-11 11.45.00",673.437314312195,0.5,1346.87462862439,6.23533174998354
"158","2013-07-15 07.30.00",1429.57987301156,1,1429.57987301156,13.5576332846571
"159","2013-07-19 17.45.00",446.500842611441,1.25,357.200674089153,80.9770848736915
"160","2013-07-21 16.30.00",9434.32929748815,3,3144.77643249605,109.849161320986
"161","2013-07-27 07.30.00",11617.6472076222,2.75,4224.5989845899,NA
"162","2013-07-27 10.30.00",31637.9947181534,4,7909.49867953835,12.5978458398633
"163","2013-07-27 14.45.00",2383.91030447255,0.75,3178.54707263007,NA
"164","2013-07-27 15.45.00",24952.0668427387,6.25,3992.33069483819,30.378714235692
"165","2013-08-01 02.15.00",7117.75314656773,4,1779.43828664193,26.7000012231667
"166","2013-08-01 06.30.00",2578.10377277868,0.75,3437.47169703824,75.8197087375382
"167","2013-08-01 07.30.00",18303.6525211345,4.25,4306.74176967871,59.3026994204824
"168","2013-08-09 17.15.00",2250.79362457258,0.75,3001.05816609677,NA
"169","2013-08-11 23.15.00",775.494940540986,0.5,1550.98988108197,13.0729276191069
"170","2013-08-12",2051.8246898111,1.25,1641.45975184888,12.3307134325966
"171","2013-08-13 13.30.00",500.004351540718,0.25,2000.01740616287,0
"172","2013-08-13 14.45.00",2701.90265365756,1.5,1801.2684357717,49.7925904486137
"173","2013-08-29 21.15.00",2540.79618780256,1.5,1693.8641252017,224.394930421215
"174","2013-08-29 23.00.00",3588.15335740874,1.75,2050.37334709071,115.749820370378
"175","2013-09-20 07.15.00",7017.89464359909,2.5,2807.15785743964,108.42274602137
"176","2013-10-07 07.15.00",2215.80272596575,0.5,4431.6054519315,32.9285576789148
"177","2013-10-07 08.00.00",56784.4590881108,3.25,17472.1412578802,49.1663479121238
"178","2013-10-07 11.30.00",12683.1894214815,1,12683.1894214815,NA
"179","2013-10-07 12.45.00",30011.2251808632,5,6002.24503617264,13.4516486495038
"180","2013-10-07 18.00.00",1123.59972118879,0.75,1498.13296158506,2.68647763549432
"181","2013-11-16 07.00.00",0,0,NA,NA
"182","2013-11-18 07.45.00",2249.12312656974,1.5,1499.41541771316,46.3755183016043
"183","2013-11-26 15.30.00",11701.4533557801,3.5,3343.27238736574,41.5075707779701
"184","2013-11-26 19.15.00",126467.553633872,13,9728.27335645166,139.500853636897
"185","2013-11-27 13.00.00",337.935747848022,0.25,1351.74299139209,0
"186","2013-12-06 14.30.00",12854.9876445184,4.25,3024.7029751808,161.915433466208
"187","2013-12-07 03.00.00",386.132107781936,0.25,1544.52843112774,NA
"188","2013-12-07 03.30.00",10107.4982179204,4.75,2127.89436166744,105.369744653571
"189","2013-12-09 10.15.00",355.256883388808,0.25,1421.02753355523,NA
"190","2013-12-09 10.45.00",4397.28602967124,3,1465.76200989041,47.1214384550342
"191","2013-12-10 12.00.00",7145.59057203326,4,1786.39764300832,59.630756684689
"192","2013-12-14 20.15.00",5126.23960848392,3,1708.74653616131,9.71461339873483
"193","2013-12-22 19.15.00",355.349107837416,0.25,1421.39643134966,NA
"194","2013-12-22 19.45.00",10924.5532547099,4.75,2299.90594835999,95.112467297532
"195","2013-12-23 04.30.00",171321.515194955,15.75,10877.5565203146,44.6998768791618
"196","2013-12-23 20.30.00",2419.52046261989,1.75,1382.58312149708,0.0563858696273305
"197","2013-12-29 06.15.00",19599.6752745972,4.5,4355.48339435494,8.08426413044796
"198","2013-12-29 11.00.00",98346.0928516783,15,6556.40619011188,29.440486522716
"199","2014-02-13 06.45.00",399.100886506428,0.25,1596.40354602571,NA
"200","2014-02-13 07.15.00",781.765441922425,0.5,1563.53088384485,NA
"201","2014-02-13 08.00.00",439.467870300588,0.25,1757.87148120235,NA
"202","2014-02-19 18.30.00",28557.8464615337,9.75,2929.00989349064,19.7862909360742
"203","2014-02-21 13.00.00",94257.8117883027,14.25,6614.58328338966,212.016128400431
"204","2014-03-29 23.15.00",14514.5512056576,5,2902.91024113152,180.443469031213
"205","2014-04-04 05.00.00",3113.09220598574,2.25,1383.59653599366,58.8438551201131
"206","2014-04-07 08.30.00",25384.4330841975,4.75,5344.09117562053,6.52392463255616
"207","2014-04-07 13.30.00",26124.6709130501,5.75,4543.42102835655,32.4972898687036
"208","2014-04-15 06.30.00",3929.99452210546,2.25,1746.66423204687,267.377105087531
"209","2014-04-15 09.00.00",1053.20793152639,0.75,1404.27724203519,1.2503869018032
"210","2014-04-15 10.00.00",341.001904633019,0.25,1364.00761853208,NA
"211","2014-04-15 13.15.00",0,0,NA,NA
"212","2014-04-28 21.45.00",8380.99031583841,3.5,2394.56866166812,129.087221361626
"213","2014-04-29 08.00.00",28448.5264661992,4,7112.1316165498,63.99011272384
"214","2014-04-29 12.15.00",12831.8153790487,1,12831.8153790487,NA
"215","2014-04-29 13.30.00",36533.8726008632,5.75,6353.71697406316,52.0048945086683
"216","2014-04-30 11.00.00",0,0,NA,NA
"217","2014-04-30 12.00.00",2572.40010918277,1.75,1469.94291953301,42.7833436828523
"218","2014-07-13 00.30.00",4216.95375766973,2,2108.47687883487,107.605073999566
"219","2014-07-14 18.00.00",0,0,NA,NA
"220","2014-08-09 03.15.00",0,0,NA,NA
"221","2014-08-09 04.30.00",860.850057041937,0.5,1721.70011408387,1.35751868740544
"222","2014-08-09 05.15.00",5868.49270590799,2,2934.246352954,12.6963409298933
"223","2014-08-09 07.30.00",52158.1965467118,3.5,14902.3418704891,30.013796554958
"224","2014-08-09 11.15.00",7981.03989220028,0.75,10641.3865229337,NA
"225","2014-08-09 12.15.00",64951.325418686,2.5,25980.5301674744,24.3407224958949
"226","2014-08-09 15.00.00",65403.2825324943,3,21801.0941774981,5.10789473684211
"227","2014-08-09 22.00.00",708.346737602872,0.5,1416.69347520574,0
"228","2014-08-11 14.00.00",411.526446439805,0.25,1646.10578575922,NA
"229","2014-08-11 22.30.00",350.404609619074,0.25,1401.61843847629,0
"230","2014-08-12 11.15.00",3623.19833583778,1.25,2898.55866867022,20.4764107868254
"231","2014-08-13 01.45.00",4191.01262860377,2.25,1862.67227937946,26.3072751527246
"232","2014-08-17 23.15.00",327.612071224008,0.25,1310.44828489603,NA
"233","2014-08-18 22.00.00",0,0,NA,NA
"234","2014-08-18 22.30.00",5758.59395044312,1.5,3839.06263362874,12.8956677236976
"235","2014-08-19 00.15.00",8087.00038385924,3.75,2156.5334356958,15.6295919806652
"236","2014-08-21 22.45.00",38242.8437757654,4.75,8051.1250054243,13.9364907742637
"237","2014-08-24 07.30.00",8288.85987086275,3,2762.95329028758,0.948350773867838
"238","2014-09-03 02.30.00",13323.7447544022,3.5,3806.7842155435,43.4468584602509
"239","2014-09-04 17.45.00",2125.11933792698,0.25,8500.47735170791,0
"240","2014-09-04 21.00.00",6398.36825494692,2.5,2559.34730197877,5.38099381166107
"241","2014-09-06 22.15.00",1093.4120040676,0.25,4373.64801627041,NA
"242","2014-09-06 23.00.00",24276.3563794029,4.5,5394.74586208953,121.968508744035
"243","2014-09-13 06.15.00",1405.42079257143,0.25,5621.68317028571,NA
"244","2014-09-13 06.45.00",59351.7586251106,6.5,9131.03978847856,30.2544687171626
"245","2014-10-03 22.30.00",11595.2301754319,4.25,2728.28945304281,88.0705554674543
"246","2014-10-07 05.30.00",7557.5687814479,3.5,2159.30536612797,63.403690472318
"247","2014-10-07 19.00.00",521.603661922491,0.25,2086.41464768996,NA
"248","2014-10-07 19.30.00",32930.3772601823,3.5,9408.67921719494,38.5161770509631
"249","2014-10-07 23.15.00",3023.99454564957,0.5,6047.98909129913,NA
"250","2014-10-08",50229.2162373577,3.75,13394.4576632954,4.64135172101779
"251","2014-10-08 04.00.00",1834.30753159836,0.5,3668.61506319671,0.254014496204586
"252","2014-10-08 04.45.00",15359.4056874756,5.5,2792.61921590466,1.55993181129936
"253","2014-10-10 17.30.00",9553.41515517027,3.75,2547.57737471207,9.39907754952721
"254","2014-10-12 10.45.00",34853.3464855323,2.75,12673.9441765572,33.8544958730253
"255","2014-10-12 13.45.00",68999.7691151138,9.75,7076.89939642193,27.2553147906137
"256","2014-10-14 17.45.00",0,0,NA,NA
"257","2014-10-15 04.15.00",756.220169793315,0.25,3024.88067917326,NA
"258","2014-10-15 04.45.00",75765.1155568413,8.25,9183.65037052622,42.8876167959419
"259","2014-10-15 13.15.00",3227.25830071382,1.5,2151.50553380921,1.99915231025451
"260","2014-11-01 07.30.00",8009.92118888657,4.5,1779.98248641924,78.0116986144162
"261","2014-11-17 12.30.00",69310.9696220169,9,7701.21884689076,46.1973105496561
"262","2014-11-24 02.45.00",1357.14717370803,0.75,1809.52956494404,38.0582972605287
"263","2014-11-24 03.45.00",6164.59013208562,3.25,1896.79696371865,106.954186564769
"264","2014-11-26 10.30.00",28606.3046404544,5.25,5448.81993151512,162.627207434526
"265","2014-11-26 16.00.00",8623.84128291004,2.5,3449.53651316402,NA
"266","2014-11-26 21.15.00",14869.7828821253,6.25,2379.16526114006,69.3633885751106
"267","2014-12-02 09.00.00",47341.4995111996,9.5,4983.31573802101,45.4482356708056
"268","2014-12-02 18.45.00",2880.7838515404,1.75,1646.16220088023,24.9573867433181
"269","2014-12-24 08.45.00",381.440611689797,0.25,1525.76244675919,NA
"270","2014-12-24 09.15.00",19076.2926660554,7,2725.18466657934,48.5143568281947
"271","2014-12-24 16.30.00",1140.46525739811,0.75,1520.62034319749,20.9812563876745
"272","2014-12-24 17.30.00",3695.61158936557,2.5,1478.24463574623,0.0862415067394986
"273","2015-01-24 00.30.00",1754.25329001797,1,1754.25329001797,NA
"274","2015-01-24 01.45.00",3247.97421315136,1.5,2165.31614210091,27.5231662507809
"275","2015-01-24 03.30.00",6502.20542270788,3.75,1733.92144605543,71.3707600726689
"276","2015-02-02 12.30.00",0,0,NA,NA
"277","2015-02-02 13.30.00",6851.37910954756,3,2283.79303651585,16.22329409162
"278","2015-02-19 06.15.00",1689.24170033601,1.25,1351.39336026881,2.00000009005102
"279","2015-02-22 19.45.00",2915.84256343203,1.75,1666.19575053259,NA
"280","2015-02-22 21.45.00",5681.82097389839,3.5,1623.37742111382,81.794728037702
"281","2015-03-02 23.00.00",2588.00202044324,1.75,1478.85829739614,59.0290062589162
"282","2015-03-04 11.45.00",44098.8422104512,7.5,5879.84562806016,177.508324115182
"283","2015-03-04 19.30.00",10174.7831802782,5.25,1938.05393910061,64.2657461096665
"284","2015-03-05 01.00.00",17240.6081336678,5.75,2998.36663194223,89.5600716474466
"285","2015-03-05 07.00.00",11915.4440763543,3.5,3404.4125932441,57.0444521385694
"286","2015-03-05 11.15.00",66640.5568328909,5.25,12693.4393967411,134.370125004624
"287","2015-03-05 16.45.00",73867.928760167,13.25,5574.93801963525,34.4482834832235
"288","2015-03-06 06.15.00",4439.48458474308,2.5,1775.79383389723,88.86077115569
"289","2015-03-06 09.00.00",828.570885605311,0.5,1657.14177121062,37.9999999999999
"290","2015-03-06 09.45.00",1587.37211294992,1,1587.37211294992,10.784534930785
"291","2015-03-06 11.00.00",2257.42380498807,1.5,1504.94920332538,0.1778631440246
"292","2015-03-06 12.45.00",1466.71614959065,1,1466.71614959065,0.271549785226267
"293","2015-03-06 14.00.00",717.175250736728,0.5,1434.35050147346,1.5
"294","2015-03-06 14.45.00",700.909429939479,0.5,1401.81885987896,NA
"295","2015-03-06 22.15.00",1386.39984496488,0.75,1848.53312661983,64.9414966531784
"296","2015-03-06 23.15.00",2981.01067697094,1.75,1703.43467255482,80.2690327787679
"297","2015-03-07 01.15.00",782.381089530911,0.5,1564.76217906182,2.5916727209555
"298","2015-03-07 02.00.00",371.068581719316,0.25,1484.27432687727,NA
"299","2015-03-07 02.30.00",2444.1773598624,1.75,1396.67277706423,2.96828452062129
"300","2015-03-07 04.30.00",1322.50643917369,1,1322.50643917369,0.5
"301","2015-03-07 22.45.00",12528.0010889785,7.25,1728.00015020393,24.9265761688452
"302","2015-03-11 11.45.00",2136.347292031,1.5,1424.23152802066,NA
"303","2015-03-11 13.30.00",1143.67884433813,0.75,1524.90512578417,NA
"304","2015-03-11 14.30.00",2917.76572420123,2,1458.88286210062,4.85762449720736
"305","2015-03-11 19.45.00",2724.04518279588,2,1362.02259139794,6.4327947461126
"306","2015-03-13 22.45.00",3725.83636618073,2,1862.91818309036,NA
"307","2015-03-14 01.00.00",2452.63461856521,1,2452.63461856521,NA
"308","2015-03-14 02.15.00",2694.34142426748,1,2694.34142426748,NA
"309","2015-03-14 03.30.00",11550.0029380672,5.25,2200.00055963184,139.176603703862
"310","2015-03-14 15.45.00",17373.7653140429,7.25,2396.38142262661,26.7998590717128
"311","2015-03-14 23.15.00",1028.07755815709,0.75,1370.77007754279,2.88276372651319
"312","2015-03-20 01.30.00",7994.29804363315,4,1998.57451090829,42.7685507915708
"313","2015-03-20 05.45.00",461.756517158505,0.25,1847.02606863402,NA
"314","2015-03-20 06.15.00",913.078834583146,0.5,1826.15766916629,NA
"315","2015-03-20 07.00.00",13581.2621406978,7.5,1810.83495209305,13.1423532399072
"316","2015-03-26 23.15.00",507.418174118662,0.25,2029.67269647465,NA
"317","2015-03-26 23.45.00",21105.4190779261,5,4221.08381558522,75.2256066008126
"318","2015-04-04 04.45.00",0,0,NA,NA
"319","2015-04-04 05.00.00",11270.50345547,3.75,3005.46758812534,116.899741883003
"320","2015-04-07 10.00.00",19784.445125638,6.5,3043.7607885597,214.818113898487
"321","2015-04-08 21.45.00",6460.40654832164,3,2153.46884944055,37.9945872880847
"322","2015-04-09 05.15.00",24798.0372816189,6.25,3967.68596505902,88.6134538220423
"323","2015-04-10 14.15.00",2915.89107120003,1.5,1943.92738080002,NA
"324","2015-04-10 18.45.00",0,0,NA,NA
"325","2015-04-14 15.45.00",3438.079363974,2,1719.039681987,NA
"326","2015-04-14 18.00.00",1741.80765024879,0.75,2322.41020033173,NA
"327","2015-04-14 19.00.00",9276.59877843435,4.75,1952.96816388092,54.0734249927379
"328","2015-04-15 00.45.00",777.555036108595,0.5,1555.11007221719,0.640355067118745
"329","2015-04-15 01.30.00",5359.54031127807,3.5,1531.29723179373,14.5031787045903
"330","2015-04-16 12.15.00",21563.3641732296,6.5,3317.44064203532,32.7056332123256
"331","2015-04-17 02.45.00",988.260406001792,0.75,1317.68054133572,25.0015188195195
"332","2015-04-19 16.15.00",3494.10489197761,1.75,1996.63136684435,4.66245638006463
"333","2015-04-19 18.15.00",6212.20249386955,3,2070.73416462318,16.93068331503
"334","2015-04-19 21.30.00",35508.8606446421,4,8877.21516116052,NA
"335","2015-04-20 01.45.00",92438.9051666459,11.75,7867.14086524646,89.3260275959779
"336","2015-04-20 13.45.00",4291.47243962203,2.75,1560.53543258983,0.677999355950963
"337","2015-04-20 17.15.00",1747.10080797061,1.25,1397.68064637649,2
"338","2015-04-20 18.45.00",4844.78067211951,3.5,1384.223049177,NA
"339","2015-04-20 22.30.00",4590.71880056187,2.25,2040.31946691639,1.97780528163266
"340","2015-04-21 01.00.00",1757.15323150543,1,1757.15323150543,2.73083817495834
"341","2015-04-21 02.15.00",4301.61801586013,2.75,1564.22473304005,6.4481276545074
"342","2015-04-21 05.15.00",2017.6293091598,1.5,1345.08620610653,0.729465141212199
"343","2015-04-26 04.15.00",378.834435526445,0.25,1515.33774210578,0
"344","2015-04-26 04.45.00",3540.97508190481,1.5,2360.6500546032,NA
"345","2015-04-26 06.30.00",22110.2481800347,7.25,3049.68940414272,63.7272235164144
"346","2015-05-01 04.30.00",397.169840644133,0.25,1588.67936257653,0
"347","2015-05-01 05.00.00",44213.7283812018,8.5,5201.6151036708,32.0077138106182
"348","2015-05-01 19.15.00",16849.0000551824,6.25,2695.84000882919,9.30649868952925
"349","2015-05-17 22.00.00",9199.78823115186,3.25,2830.70407112365,52.0033134108046
"350","2015-05-21 16.00.00",332.442362470401,0.25,1329.7694498816,0
"351","2015-05-29 20.30.00",1283.96283155411,0.5,2567.92566310823,9.85657555925868
"352","2015-05-29 22.00.00",676.710954634147,0.5,1353.42190926829,12.1851502072854
"353","2015-06-02 19.45.00",149054.889750045,8,18631.8612187556,2.34359766159066
"354","2015-06-05 20.00.00",0,0,NA,NA
"355","2015-06-05 20.15.00",0,0,NA,NA
"356","2015-06-05 21.15.00",72343.5418059189,7,10334.7916865598,48.199607774623
"357","2015-06-08 23.30.00",0,0,NA,NA
"358","2015-06-09 00.30.00",8598.6789753961,3,2866.22632513203,3.64700272074637
"359","2015-06-18 03.45.00",3258.12669895945,1.75,1861.78668511969,66.1692219222223
"360","2015-06-18 22.00.00",4911.00861598818,2.25,2182.67049599475,22.3938432983058
"361","2015-06-27 05.00.00",2564.68637161438,0.75,3419.58182881917,28.1515293716099
"362","2015-06-27 06.00.00",19973.9221356613,4.5,4438.64936348029,49.3617369207661
"363","2015-07-03 12.30.00",0,0,NA,NA
"364","2015-07-03 13.45.00",5593.06626624213,2.5,2237.22650649685,15.5506334335346
"365","2015-07-03 19.45.00",3132.67339776436,0.75,4176.89786368581,38.0371903121997
"366","2015-07-03 20.45.00",17315.5323443557,4,4328.88308608893,104.699307576234
"367","2015-07-05 21.00.00",22778.1773298021,3,7592.7257766007,42.4481409364306
"368","2015-07-06 00.15.00",5711.98559613403,1,5711.98559613403,0.950565669409142
"369","2015-07-06 01.30.00",3641.79992399186,1.25,2913.43993919349,26.9358673624894
"370","2015-07-06 03.00.00",165400.019015093,8.25,20048.4871533446,51.596513556638
"371","2015-07-06 11.30.00",3762.61772380563,2,1881.30886190281,7.74435383650508
"372","2015-07-06 15.45.00",0,0,NA,NA
"373","2015-07-06 16.00.00",0,0,NA,NA
"374","2015-07-06 19.00.00",495.664367554436,0.25,1982.65747021775,0
"375","2015-07-13 00.45.00",3792.31701061891,2,1896.15850530945,46.1309547483073
"376","2015-07-13 04.15.00",22033.350732594,3.5,6295.24306645542,14.5021591489105
"377","2015-07-13 08.00.00",1571.78872931605,0.5,3143.5774586321,22.9708499302891
"378","2015-07-13 08.45.00",3551.98964504033,0.5,7103.97929008065,20.6932727087853
"379","2015-07-13 09.30.00",31980.2651535427,4,7995.06628838568,29.6157500478565
"380","2015-07-14 09.15.00",15379.5913042648,5,3075.91826085297,12.1025944543011
"381","2015-07-28 22.45.00",14778.8393908719,3,4926.27979695729,2.26209773557677
"382","2015-08-06 21.45.00",0,0,NA,NA
"383","2015-08-07 00.30.00",388.588390191084,0.25,1554.35356076433,NA
"384","2015-08-07 02.00.00",2978.10625928304,1.75,1701.7750053046,21.3645891176237
"385","2015-08-11 01.00.00",0,0,NA,NA
"386","2015-08-11 01.15.00",115813.422493095,8,14476.6778116368,38.1901380870753
"387","2015-08-16 22.15.00",0,0,NA,NA
"388","2015-08-18 17.30.00",0,0,NA,NA
"389","2015-08-18 19.45.00",827.417151616573,0.25,3309.66860646629,0
"390","2015-08-19 21.30.00",13152.1485228517,3.25,4046.81493010821,124.556426060915
"391","2015-08-20 21.45.00",2673.86584800521,1.5,1782.57723200347,30.7666558521416
"392","2015-09-21 08.15.00",17252.8356389085,5.75,3000.49315459278,156.963781803271
"393","2015-09-26 04.30.00",4482.31538717474,1.5,2988.21025811649,62.732309818239
"394","2015-09-26 06.15.00",6747.71725233672,3,2249.23908411224,1.9200386194372
"395","2015-09-26 13.45.00",3888.56209208104,2,1944.28104604052,0.650955047357764
"396","2015-09-27 00.15.00",686.09348440859,0.5,1372.18696881718,6.50000000000001
"397","2015-09-27 12.00.00",42901.3821746184,4.75,9031.86993149862,54.960538029727
"398","2015-09-27 17.00.00",1632.27086578017,0.5,3264.54173156034,22.3366131179009
"399","2015-09-27 17.45.00",8261.97862784663,3.75,2203.1943007591,16.027442995664
"400","2015-09-29 07.45.00",371.898397690775,0.25,1487.5935907631,NA
"401","2015-09-29 08.15.00",198473.408634647,6.5,30534.3705591764,51.9607361633544
"402","2015-09-29 15.00.00",266052.230188899,6.25,42568.3568302238,6.14357682619647
"403","2015-09-29 21.30.00",42427.821817135,7.5,5657.04290895133,1.36380199757843
"404","2015-09-30 05.15.00",2538.19551274307,1.5,1692.13034182871,10.5074101633995
"405","2015-09-30 07.00.00",1133.00985222231,0.75,1510.67980296308,1.5
"406","2015-09-30 08.00.00",1689.63729122164,1.25,1351.70983297732,0.334985200358448
"407","2015-09-30 11.45.00",1023.07819344369,0.75,1364.10425792492,10.8332318421829
"408","2015-10-02 10.15.00",9080.60583050203,4,2270.15145762551,23.5677504190327
"409","2015-10-02 14.30.00",731.234453523941,0.5,1462.46890704788,NA
"410","2015-10-02 15.15.00",0,0,NA,NA
"411","2015-10-03 11.00.00",2702.38808024332,1.25,2161.91046419466,11.9810412247213
"412","2015-10-03 12.30.00",2823.24827727664,1.25,2258.59862182131,17.4978102399778
"413","2015-10-03 14.00.00",27646.3834886623,8.75,3159.58668441855,3.8850351854652
"414","2015-10-03 23.00.00",19734.223819271,8.25,2392.02712960861,9.75540128986446
"415","2015-10-04 07.30.00",1036.80095135511,0.75,1382.40126847348,18.7495554406313
"416","2015-10-04 08.30.00",1022.94476573598,0.75,1363.92635431464,13
"417","2015-10-04 09.30.00",1733.23477461402,1.25,1386.58781969122,66.0592907245911
"418","2015-10-04 11.00.00",2052.29162358653,1.5,1368.19441572435,129.360206654038
"419","2015-10-09 22.30.00",0,0,NA,NA
"420","2015-10-10",3079.0331674091,1.75,1759.44752423377,27.6797404266679
"421","2015-10-27 15.15.00",1025.75817217141,0.75,1367.67756289522,5.24417948383876
"422","2015-10-27 21.15.00",26006.0448881543,5,5201.20897763087,132.945736871173
"423","2015-10-28 08.45.00",1043.1465874596,0.75,1390.8621166128,NA
"424","2015-10-28 11.00.00",3175.32377384142,2.25,1411.25501059619,21.1137781319732
"425","2015-10-28 13.45.00",2841.62122606352,1.5,1894.41415070901,NA
"426","2015-10-28 18.00.00",2037.10459451794,1.25,1629.68367561435,32.0350929040009
"427","2015-11-09 19.15.00",0,0,NA,NA
"428","2015-11-09 19.30.00",1588.50855395271,1,1588.50855395271,NA
"429","2015-11-09 21.30.00",19431.5204505277,3.5,5551.86298586505,62.1771240391886
"430","2015-11-10 04.45.00",338.575775591558,0.25,1354.30310236623,0
"431","2015-11-10 13.45.00",737.698356226116,0.5,1475.39671245223,9.56503119858554
"432","2015-11-19 03.45.00",78753.4496459672,3.5,22500.9856131335,NA
"433","2015-11-19 07.30.00",20120.441400001,0.5,40240.8828000019,NA
"434","2015-11-19 08.15.00",96638.8104630352,5.25,18407.3924691496,29.909601996671
"435","2015-11-30 20.45.00",1959.05759260577,1.25,1567.24607408462,17.3706730127218
"436","2015-11-30 22.15.00",1461.48502041835,1,1461.48502041835,13.1625977368516
"437","2015-12-01 06.30.00",11504.4537724327,3.5,3286.98679212363,43.0557304997681
"438","2015-12-01 10.15.00",2822.43665913421,0.75,3763.24887884561,33.4946208620267
"439","2015-12-01 11.15.00",94487.4114712779,11.75,8041.4818273428,40.8581587326389
"440","2015-12-02 00.45.00",1838.56882843137,1.25,1470.85506274509,4.23623990334357
"441","2015-12-02 02.30.00",678.30201798636,0.5,1356.60403597272,NA
"442","2015-12-02 03.15.00",1370.41171192592,1,1370.41171192592,NA
"443","2015-12-02 04.30.00",25208.5149898673,6.25,4033.36239837877,43.785338527857
"444","2015-12-02 11.00.00",35586.4497320828,4.5,7908.09994046285,7.14824601214176
"445","2015-12-02 15.45.00",25383.1401519019,7.5,3384.41868692026,53.2285507731257
"446","2015-12-02 23.30.00",1303.65879979377,0.75,1738.21173305836,53.5996233883439
"447","2015-12-03 00.30.00",411.806660605696,0.25,1647.22664242278,NA
"448","2015-12-03 01.00.00",1215.30912549256,0.75,1620.41216732342,20.2112237640181
"449","2015-12-03 02.00.00",384.630839818905,0.25,1538.52335927562,NA
"450","2015-12-03 02.30.00",1505.80444537832,1,1505.80444537832,1.4660293077782
"451","2015-12-03 03.45.00",732.823377990069,0.5,1465.64675598014,36.3433767455659
"452","2015-12-03 04.30.00",702.152876822899,0.5,1404.3057536458,63.4999999999987
"453","2015-12-03 05.15.00",1030.33846546851,0.75,1373.78462062469,13.7318976702908
"454","2015-12-03 06.15.00",336.707308042692,0.25,1346.82923217077,NA
"455","2015-12-03 06.45.00",667.32476622539,0.5,1334.64953245078,22.3110999735928
"456","2015-12-17 13.30.00",0,0,NA,NA
"457","2015-12-17 14.45.00",13810.6891054887,2.5,5524.27564219547,108.657481201156
"458","2015-12-17 17.30.00",13266.1779994261,3,4422.05933314203,45.2039747770247
"459","2015-12-24 10.45.00",45109.025340751,3.5,12888.2929545003,NA
"460","2015-12-24 14.30.00",65902.9780106121,9.5,6937.15558006444,66.515457702242
"461","2015-12-25 00.15.00",1758.28632260797,1.25,1406.62905808638,2.04443806557888
"462","2015-12-25 01.45.00",331.244674730738,0.25,1324.97869892295,NA
"463","2015-12-25 20.30.00",0,0,NA,NA
"464","2015-12-25 20.45.00",18446.6541793184,7.25,2544.36609369909,7.62841584742321
"465","2015-12-26 04.15.00",332.442362470401,0.25,1329.7694498816,NA
"466","2015-12-29 08.45.00",3853.79491484536,2.5,1541.51796593815,10.3934371464259
"467","2016-01-10 02.45.00",0,0,NA,NA
"468","2016-01-10 03.00.00",17857.4326550084,6.5,2747.29733153975,114.096118018192
"469","2016-01-15 23.15.00",14116.590783396,5,2823.31815667919,57.2248129809263
"470","2016-02-01 16.00.00",336.707308042692,0.25,1346.82923217077,0
"471","2016-02-01 21.00.00",8117.25050470613,5.5,1475.86372812839,20.0171260739152
"472","2016-02-03 14.30.00",166438.084664461,10.5,15851.24615852,104.961782616406
"473","2016-02-04 01.15.00",3521.32725716307,1.75,2012.18700409318,11.2313493277451
"474","2016-02-04 03.15.00",4888.28334248555,3,1629.42778082852,17.0713841306184
"475","2016-02-04 06.30.00",1119.56695557218,0.75,1492.75594076291,17.2807439705134
"476","2016-02-04 07.30.00",720.542222776339,0.5,1441.08444555268,NA
"477","2016-02-04 08.15.00",710.096602287851,0.5,1420.1932045757,35.9343405549868
"478","2016-02-04 09.00.00",679.100478199983,0.5,1358.20095639997,10.5000000000001
"479","2016-02-04 09.45.00",335.518405486451,0.25,1342.0736219458,NA
"480","2016-02-04 10.15.00",1006.90838900917,0.75,1342.5445186789,13.5
"481","2016-02-04 14.45.00",1079.96281480273,0.75,1439.95041973697,19.8490780584565
"482","2016-02-04 15.45.00",341.594710304685,0.25,1366.37884121874,NA
"483","2016-02-16 10.00.00",15751.3279862894,4.75,3316.06904974514,110.162462114925
"484","2016-02-16 15.15.00",9162.4005660077,2,4581.20028300385,NA
"485","2016-02-16 18.45.00",34476.1397986177,8.25,4178.92603619608,540.750930363566
"486","2016-02-17 03.15.00",2233.60441228757,1.25,1786.88352983006,2.15208292454263
"487","2016-02-17 04.45.00",1589.70810213647,1,1589.70810213647,0.0645621706085223
"488","2016-02-17 06.00.00",733.249327025534,0.5,1466.49865405107,1
"489","2016-02-17 06.45.00",694.288937567226,0.5,1388.57787513445,1.50399385102361
"490","2016-02-17 07.30.00",332.444559117558,0.25,1329.77823647023,NA
"491","2016-02-17 19.45.00",13345.863917421,4.5,2965.74753720467,120.941794870297
"492","2016-02-18 22.15.00",0,0,NA,NA
"493","2016-02-18 22.30.00",3374.33922223536,2.25,1499.70632099349,3.43519338976667
"494","2016-02-20 22.30.00",0,0,NA,NA
"495","2016-02-20 22.45.00",342.208381130295,0.25,1368.83352452118,NA
"496","2016-02-20 23.15.00",345.306384166717,0.25,1381.22553666687,NA
"497","2016-02-20 23.45.00",1363.54406699633,1,1363.54406699633,0.399505390371632
"498","2016-02-21 17.30.00",0,0,NA,NA
"499","2016-02-21 17.45.00",2929.43891018156,1.5,1952.95927345437,NA
"500","2016-02-21 19.30.00",2068.29123723943,0.75,2757.72164965258,4.99999999999999
"501","2016-02-21 20.30.00",1388.08420720509,0.5,2776.16841441018,25.0171785118957
"502","2016-02-21 21.15.00",1964.34092956837,0.75,2619.12123942449,NA
"503","2016-02-21 22.15.00",10736.4894233348,5.75,1867.21555188431,55.0411102648534
"504","2016-02-23 07.30.00",16466.236429275,4,4116.55910731874,NA
"505","2016-02-23 11.45.00",1723.84655010351,0.25,6895.38620041403,NA
"506","2016-02-23 12.15.00",5215.97316493031,0.75,6954.63088657374,11.4334122676248
"507","2016-02-23 13.15.00",3489.93250734566,0.5,6979.86501469131,NA
"508","2016-02-23 14.00.00",25858.3398783049,6.25,4137.33438052878,83.1380606157444
"509","2016-02-23 20.30.00",474.688592411121,0.25,1898.75436964448,NA
"510","2016-02-23 22.00.00",0,0,NA,NA
"511","2016-02-24 00.15.00",1129.61516965127,0.75,1506.15355953503,10.3165878108989
"512","2016-02-24 01.15.00",372.995228649083,0.25,1491.98091459633,NA
"513","2016-02-24 01.45.00",3607.4300047804,2.25,1603.30222434685,NA
"514","2016-02-24 04.30.00",3667.60199332153,2.25,1630.04533036512,12.65540879435
"515","2016-02-24 07.00.00",1100.33095100643,0.75,1467.10793467524,8.65948343864115
"516","2016-02-24 08.30.00",358.377944382461,0.25,1433.51177752984,NA
"517","2016-02-24 09.00.00",19455.1543822237,6.5,2993.10067418826,21.4331882382566
"518","2016-02-24 15.45.00",2308.54266683876,1,2308.54266683876,15.0878589648823
"519","2016-02-24 17.00.00",1132.45839515621,0.5,2264.91679031242,NA
"520","2016-02-24 17.45.00",3206.02703059453,0.75,4274.70270745938,NA
"521","2016-02-24 18.45.00",49302.0806753124,6.75,7304.01195189813,76.8406982688288
"522","2016-02-25 01.45.00",2289.20518193482,1,2289.20518193482,10.7221335813542
"523","2016-02-25 03.00.00",10611.6102217994,4.25,2496.8494639528,6.96235330692495
"524","2016-02-25 07.30.00",972.244074578342,0.5,1944.48814915668,1.43262947930923
"525","2016-02-25 08.15.00",3101.99764660085,1.75,1772.57008377192,8.62223540956827
"526","2016-02-25 10.15.00",1728.82978030956,1,1728.82978030956,NA
"527","2016-02-25 11.30.00",4158.52838747149,2.25,1848.23483887622,37.2593839889361
"528","2016-02-25 14.00.00",1188.86584810216,0.75,1585.15446413621,6.42987585204058
"529","2016-02-25 15.00.00",757.153658289911,0.5,1514.30731657982,NA
"530","2016-02-25 15.45.00",372.395820072033,0.25,1489.58328028813,NA
"531","2016-02-25 16.15.00",2154.2116394055,1.5,1436.141092937,0.164349022707403
"532","2016-02-25 18.00.00",694.709031950419,0.5,1389.41806390084,NA
"533","2016-02-25 18.45.00",351.501290483441,0.25,1406.00516193377,NA
"534","2016-02-25 19.15.00",679.916509599347,0.5,1359.83301919869,NA
"535","2016-02-25 20.00.00",337.92256918785,0.25,1351.6902767514,NA
"536","2016-02-25 20.30.00",5005.12528646073,3.75,1334.70007638953,1.00081512912654
"537","2016-03-02 01.30.00",4638.01040961568,2,2319.00520480784,89.7960267847886
"538","2016-03-02 03.45.00",19941.5697126963,5.75,3468.09908046892,68.7443214583865
"539","2016-03-13 19.00.00",4399.11272084968,2.5,1759.64508833987,29.8894888648797
"540","2016-03-14 00.15.00",1362.34477396725,1,1362.34477396725,2.30240680392268
"541","2016-03-14 06.30.00",5117.785614383,3.25,1574.703265964,4.9648672660378
"542","2016-03-14 22.45.00",957.615060375868,0.5,1915.23012075174,1.73107504793791
"543","2016-03-14 23.30.00",51721.8397702525,8.25,6269.31391154576,51.8148039397168
"544","2016-03-15 15.00.00",0,0,NA,NA
"545","2016-04-01 09.30.00",2853.97802548917,1.75,1630.84458599381,51.7512200696737
"546","2016-04-22 18.45.00",5584.99489527725,3,1861.66496509242,42.9521587173316
"547","2016-04-29 03.00.00",6603.34686189155,3,2201.11562063052,83.168735995596
"548","2016-05-01 04.00.00",2843.54252116765,1.25,2274.83401693412,NA
"549","2016-05-01 05.30.00",15590.1073215467,5,3118.02146430934,54.9432587867811
"550","2016-05-01 10.45.00",1529.25837023659,0.5,3058.51674047318,NA
"551","2016-05-01 11.30.00",10414.7092533546,1.5,6943.13950223642,NA
"552","2016-05-02 02.30.00",8203.234647883,4,2050.80866197075,23.5039480727948
"553","2016-05-02 22.00.00",1248.70452474401,0.25,4994.81809897604,NA
"554","2016-05-02 22.30.00",29715.7155884738,5,5943.14311769477,9.28065095035779
"555","2016-05-03 17.00.00",900.013342859472,0.25,3600.05337143789,0
"556","2016-05-05 16.00.00",7003.74330101418,3.75,1867.66488027045,23.0015200673329
"557","2016-05-11 04.30.00",10057.7463489637,4,2514.43658724092,56.8188389459635
"558","2016-05-21 02.30.00",11593.8978961537,2.75,4215.96287132861,NA
"559","2016-05-21 05.30.00",8647.80721100702,1.25,6918.24576880562,16.4923620269772
"560","2016-05-21 07.00.00",15116.8432776949,4,3779.21081942373,40.173405104766
"561","2016-06-05 00.30.00",1865.12288861839,0.25,7460.49155447357,NA
"562","2016-06-05 01.00.00",75686.3129833607,6,12614.3854972268,75.06085531073
"563","2016-06-15 21.00.00",386.962424316905,0.25,1547.84969726762,NA
"564","2016-06-15 22.30.00",1541.12493899431,1,1541.12493899431,152.535687651859
"565","2016-06-21 23.30.00",686.538472597906,0.5,1373.07694519581,NA
"566","2016-06-23 23.30.00",2383.48929605252,0.5,4766.97859210505,NA
"567","2016-06-24 00.15.00",106212.499224561,7,15173.2141749373,105.166802886324
"568","2016-06-24 10.30.00",3148.75267256543,2,1574.37633628272,21.7553571149107
"569","2016-07-05 01.15.00",2214.49886864141,0.25,8857.99547456564,NA
"570","2016-07-05 01.45.00",77773.7442068878,5.5,14140.6807648887,29.9644551557835
"571","2016-07-05 08.15.00",6149.76536502457,3,2049.92178834152,11.5390988129963
"572","2016-07-05 11.30.00",1625.16456875375,0.75,2166.88609167167,9.73511956095383
"573","2016-07-05 12.30.00",889.174533084803,0.5,1778.34906616961,5.27794351497266
"574","2016-07-05 13.15.00",430.204198523392,0.25,1720.81679409357,NA
"575","2016-07-05 14.45.00",0,0,NA,NA
"576","2016-07-07 21.15.00",3257.21118062438,1.75,1861.26353178536,13.8096637342305
"577","2016-07-13 16.30.00",0,0,NA,NA
"578","2016-07-13 20.00.00",603.033643640484,0.25,2412.13457456194,NA
"579","2016-07-14 16.15.00",0,0,NA,NA
"580","2016-07-14 17.15.00",24289.2558000086,1,24289.2558000086,NA
"581","2016-07-14 21.00.00",8199.58784418764,2.75,2981.66830697733,3.98280762356242
"582","2016-07-16 23.00.00",10443.3252467629,2.75,3797.5728170047,11.4530190003161
"583","2016-07-27 19.15.00",1489.5831983952,0.25,5958.33279358081,0
"584","2016-07-27 19.45.00",45692.6929837715,4.5,10153.9317741714,79.6930892212873
"585","2016-07-28 00.30.00",348.383523549257,0.25,1393.53409419703,NA
"586","2016-07-28 09.30.00",333.065918582116,0.25,1332.26367432847,0
"587","2016-07-29 00.30.00",2160.39665495222,0.5,4320.79330990445,44.0089530996229
"588","2016-07-29 01.15.00",44595.6617974196,4.5,9910.14706609324,9.41475833611899
"589","2016-08-02 20.15.00",1945.41788671384,0.5,3890.83577342769,26.5851503735968
"590","2016-08-02 21.00.00",16879.4206789628,3.75,4501.17884772342,17.3046192210638
"591","2016-08-03 18.45.00",22406.0534597821,4.25,5272.01257877226,28.9508788552257
"592","2016-08-03 23.15.00",5077.76505846841,3,1692.5883528228,NA
"593","2016-08-04 02.30.00",625.334424424564,0.25,2501.33769769826,NA
"594","2016-08-04 03.00.00",2077.30064070029,0.75,2769.73418760039,1.87126094954636
"595","2016-08-04 04.00.00",5813.6831780237,1.75,3322.1046731564,7.64433962294822
"596","2016-08-04 06.00.00",11785.8980980943,5,2357.17961961885,8.62290793821001
"597","2016-08-04 11.15.00",0,0,NA,NA
"598","2016-08-04 18.15.00",2252.02230804064,1.25,1801.61784643251,1.92068271732945
"599","2016-08-05 18.30.00",2949.18515978637,0.5,5898.37031957275,63.9177332635749
"600","2016-08-05 19.15.00",41699.1292490687,5.5,7581.65986346703,27.7633811563192
"601","2016-08-10 02.00.00",0,0,NA,NA
"602","2016-08-10 02.15.00",41386.6295232549,5.5,7524.84173150089,78.6722083297727
"603","2016-08-21 16.00.00",0,0,NA,NA
"604","2016-08-30 20.30.00",5868.90972683255,2,2934.45486341628,16.2610944953099
"605","2016-09-01 01.00.00",3920.11902485134,0.5,7840.23804970267,34.2970310085959
"606","2016-09-01 01.45.00",31036.1450877091,4,7759.03627192728,30.7559509283143
"607","2016-09-19 06.30.00",427.720196334248,0.25,1710.88078533699,0
"608","2016-09-19 07.45.00",4881.39766284391,2,2440.69883142196,29.384670380501
"609","2016-09-19 10.00.00",2127.41239580471,1.25,1701.92991664377,36.3499433240746
"610","2016-09-20 02.00.00",0,0,NA,NA
"611","2016-09-20 03.00.00",1745.47060753002,1,1745.47060753002,3.81603013533891
"612","2016-09-26 22.00.00",0,0,NA,NA
"613","2016-09-26 22.15.00",86364.1544719831,6,14394.0257453305,19.0409194646606
"614","2016-09-27 05.15.00",168918.242617681,7.25,23299.0679472663,40.8132635079129
"615","2016-09-28 22.15.00",8038.50508964968,2,4019.25254482484,4.85478081327718
"616","2016-09-29 00.30.00",1791.55655037637,0.5,3583.11310075273,NA
"617","2016-09-29 01.15.00",104909.309156268,9.25,11341.5469358128,7.17629749665983
"618","2016-09-29 22.00.00",35351.2060126924,2,17675.6030063462,4.24929640449489
"619","2016-09-30 00.15.00",299993.857893483,10.75,27906.4053854402,14.8870680463651
"620","2016-09-30 11.15.00",17105.9223605214,1,17105.9223605214,82.8394617851264
"621","2016-09-30 12.30.00",6153.90795,0.25,24615.6318,NA
"622","2016-09-30 22.15.00",0,0,NA,NA
"623","2016-10-01 01.00.00",0,0,NA,NA
"624","2016-10-07 22.30.00",20139.4747931072,3,6713.15826436907,25.9359155520009
"625","2016-10-08 01.45.00",3675.72146770549,0.5,7351.44293541098,NA
"626","2016-10-08 02.30.00",5894.96735352239,0.75,7859.95647136319,5.92252630979578
"627","2016-10-08 03.30.00",15934.4901805805,1.75,9105.42296033172,16.18065848306
"628","2016-10-08 05.30.00",4165.62390814646,0.5,8331.24781629291,19.1968204995928
"629","2016-10-08 06.15.00",44372.3793051353,3.25,13653.0397861955,8.4373155986294
"630","2016-10-08 09.45.00",30214.0477681105,7.5,4028.53970241474,27.9633693632842
"631","2016-10-08 17.30.00",2489.91068748553,1.75,1422.80610713459,1.68835928909284
"632","2016-11-29 14.45.00",7024.56884464417,1.75,4014.03933979667,22.3790474566324
"633","2016-11-30 08.15.00",0,0,NA,NA
"634","2016-11-30 09.15.00",8646.64091061714,3.5,2470.4688316049,95.9089201651846
"635","2016-11-30 22.00.00",1134.76681776605,0.25,4539.0672710642,NA
"636","2016-11-30 22.30.00",48342.8582439022,5.75,8407.45360763516,29.1216786962968
"637","2016-12-06 13.45.00",24781.1857175623,3.5,7080.33877644638,50.6681700387757
"638","2016-12-06 17.30.00",79232.3320183208,9.25,8565.65751549414,30.6529055883516
"639","2016-12-07 03.00.00",331.837477689726,0.25,1327.3499107589,NA
"640","2016-12-24 12.15.00",4333.88984121539,2,2166.94492060769,NA
"641","2016-12-24 14.30.00",9136.47638699512,3.5,2610.42182485575,49.0017116621673
"642","2016-12-29 10.00.00",0,0,NA,NA
"643","2016-12-29 10.15.00",7005.06883332191,3.5,2001.44823809197,34.7789600023093
"644","2017-01-03 10.00.00",715.068457875409,0.25,2860.27383150164,NA
"645","2017-01-03 10.30.00",23892.932158505,6.5,3675.83571669307,72.6900036648462
"646","2017-01-14 08.30.00",2139.61452111252,1.5,1426.40968074168,15.2376878398471
"647","2017-01-16 05.00.00",1449.22070179788,1,1449.22070179788,NA
"648","2017-01-16 06.15.00",2132.13781023022,1.5,1421.42520682015,9.26480156690223
"649","2017-01-17 15.15.00",5579.5381235452,3,1859.84604118173,49.4336396358203
"650","2017-01-18 06.30.00",2774.67990115215,1.75,1585.53137208694,20.5559092347031
"651","2017-01-20 12.45.00",7467.12248849776,3.5,2133.46356814222,65.452079327891
"652","2017-01-22 04.15.00",0,0,NA,NA
"653","2017-01-23 08.15.00",26993.4992622816,3.5,7712.42836065189,22.0351457470869
"654","2017-01-23 12.00.00",132187.646186088,9.75,13557.7073011373,104.302032679253
"655","2017-01-23 22.00.00",1233.58980168615,0.5,2467.17960337231,2.00133069321578
"656","2017-01-23 22.45.00",9251.33516822093,3.75,2467.02271152558,1.69454024590559
"657","2017-01-24 02.45.00",3713.73358825244,2.25,1650.54826144553,44.4692991141159
"658","2017-01-24 05.15.00",367.284441668427,0.25,1469.13776667371,NA
"659","2017-01-24 05.45.00",741.348199706692,0.5,1482.69639941338,8.12855272026664
"660","2017-01-24 06.30.00",1764.54753952335,1.25,1411.63803161868,43.7987774749721
"661","2017-01-24 08.00.00",1692.22013287346,1.25,1353.77610629877,55.283769503197
"662","2017-01-24 17.45.00",0,0,NA,NA
"663","2017-01-24 18.00.00",341.682562655722,0.25,1366.73025062289,NA
"664","2017-01-24 18.30.00",1043.47097333758,0.75,1391.29463111677,2.37384090409045
"665","2017-02-09 05.30.00",0,0,NA,NA
"666","2017-02-09 05.45.00",765.858534021694,0.5,1531.71706804339,NA
"667","2017-02-09 06.30.00",8557.87696998669,3.25,2633.19291384206,95.5801085306457
"668","2017-03-01 01.15.00",1015.70463793496,0.5,2031.40927586993,NA
"669","2017-03-01 02.00.00",5198.38394723175,2.5,2079.3535788927,63.5798164048475
"670","2017-03-01 20.00.00",7766.60050963221,2.5,3106.64020385288,NA
"671","2017-03-01 22.45.00",12995.7499014397,3.5,3713.07140041133,26.4733896020431
"672","2017-03-02 02.30.00",1181.76817065792,0.75,1575.69089421056,52.675472244401
"673","2017-03-18 02.00.00",12070.8236497168,4.25,2840.19379993337,56.8961043294552
"674","2017-03-31 07.15.00",14393.3842928603,3,4797.79476428676,NA
"675","2017-03-31 10.30.00",5938.32646942853,0.5,11876.6529388571,7.6014075506986
"676","2017-03-31 11.15.00",35745.289097778,2.25,15886.795154568,15.4398395721926
"677","2017-04-03 18.30.00",0,0,NA,NA
"678","2017-04-03 19.30.00",3693.79391467905,0.75,4925.05855290541,NA
"679","2017-04-03 20.30.00",51383.4219765302,6.25,8221.34751624484,53.3518901290224
"680","2017-04-06 07.00.00",1852.92164445431,1.25,1482.33731556345,36.452577392421
"681","2017-04-17 20.15.00",0,0,NA,NA
"682","2017-04-23 05.00.00",0,0,NA,NA
"683","2017-04-23 06.00.00",2784.275886946,1.75,1591.01479254057,14.093459708269
"684","2017-04-23 16.15.00",1233.64376391534,0.75,1644.85835188712,NA
"685","2017-04-23 18.30.00",1024.10598902053,0.25,4096.42395608211,NA
"686","2017-04-23 19.00.00",33608.3430410027,6.5,5170.51431400042,15.1559021376332
"687","2017-04-24 01.45.00",2327.18000455222,0.75,3102.9066727363,7.32302385756776
"688","2017-04-24 02.45.00",73908.7838037831,4.75,15559.7439586912,NA
"689","2017-04-24 07.45.00",28188.2092630342,1,28188.2092630342,NA
"690","2017-04-24 09.00.00",121633.440181673,7.75,15694.6374427966,30.5869796949571
"691","2017-04-24 17.45.00",5819.39795614182,2.5,2327.75918245673,13.3258143044284
"692","2017-04-24 20.30.00",4431.03597463914,2.75,1611.28580895969,5.86893019372971
"693","2017-04-24 23.30.00",2742.17727372663,1.75,1566.9584421295,NA
"694","2017-04-25 01.30.00",1697.44686790272,1,1697.44686790272,0.00280881487938749
"695","2017-04-25 02.45.00",2591.1501595589,1.5,1727.43343970594,5.61016404476688
"696","2017-04-25 04.30.00",1614.56789832462,1,1614.56789832462,1.50266885264778
"697","2017-04-25 05.45.00",394.47807692171,0.25,1577.91230768684,NA
"698","2017-04-25 06.15.00",403.777457523039,0.25,1615.10983009215,NA
"699","2017-04-25 06.45.00",1272.235893092,0.75,1696.31452412266,NA
"700","2017-04-25 07.45.00",2651.66400979811,1.5,1767.77600653207,2.08519773890262
"701","2017-04-25 09.30.00",440.619662744206,0.25,1762.47865097682,NA
"702","2017-04-25 10.00.00",1650.23738664665,1,1650.23738664665,2.51086120656643
"703","2017-04-25 11.15.00",5835.53622111695,3.75,1556.14299229785,1.2043729430028
"704","2017-04-27 23.45.00",4098.64761276084,2.25,1821.62116122704,18.4808073848521
"705","2017-05-01 17.45.00",0,0,NA,NA
"706","2017-05-05 03.00.00",340.383841325318,0.25,1361.53536530127,NA
"707","2017-05-05 03.30.00",39902.7082345228,8.75,4560.3095125169,47.8702549195698
"708","2017-05-06 05.30.00",1403.70987519153,1,1403.70987519153,10.0213526056902
"709","2017-05-10 05.00.00",7343.72905543312,3.75,1958.3277481155,48.3841507479629
"710","2017-05-12 19.45.00",17951.4948388121,3.25,5523.53687348064,29.0223889640038
"711","2017-05-12 23.15.00",1286.06872819069,0.25,5144.27491276276,NA
"712","2017-05-12 23.45.00",25711.6325171104,4.75,5412.97526676008,1.20314557303317
"713","2017-05-13 04.45.00",753.328141302746,0.25,3013.31256521099,NA
"714","2017-05-13 05.15.00",764.208929716579,0.25,3056.83571886632,NA
"715","2017-05-13 05.45.00",8221.81431314874,3.75,2192.48381683966,1.57213997079103
"716","2017-05-22 04.30.00",31379.3986980338,6.75,4648.79980711611,52.0462361385094
"717","2017-05-23 22.00.00",3604.48777968386,1.25,2883.59022374709,NA
"718","2017-05-23 23.30.00",73909.0072862737,8.25,8958.66754985135,15.1478879982711
"719","2017-05-24 19.15.00",2213.06724349704,1.25,1770.45379479763,NA
"720","2017-05-24 20.45.00",142125.787638767,5.5,25841.0522979576,48.7582488143905
"721","2017-05-25 02.30.00",108367.670438178,9,12040.8522709086,23.2854762805351
"722","2017-05-25 11.45.00",1492.96120561447,0.75,1990.6149408193,9.68412858025798
"723","2017-05-25 12.45.00",0,0,NA,NA
"724","2017-05-25 21.30.00",3481.95728571268,1.5,2321.30485714179,NA
"725","2017-05-25 23.15.00",699.580247347552,0.25,2798.32098939021,NA
"726","2017-05-25 23.45.00",8398.13593637305,4,2099.53398409326,7.3112178603773
"727","2017-05-26 04.00.00",2097.35686153679,1.5,1398.23790769119,4.81308502082155
"728","2017-06-04 22.45.00",7919.74449053888,2.5,3167.89779621555,99.0470592131161
"729","2017-06-05 13.30.00",1284.72462411583,0.5,2569.44924823167,66.0526133049265
"730","2017-06-05 14.15.00",11409.885365559,2.25,5071.06016247068,NA
"731","2017-06-05 21.15.00",2259.34244107069,1.25,1807.47395285655,45.1505940993981
"732","2017-06-08 22.15.00",0,0,NA,NA
"733","2017-06-08 23.15.00",7093.74697737806,2.25,3152.77643439025,10.213273562103
"734","2017-06-19 22.45.00",5923.69168355366,2,2961.84584177683,5.92099794832783
"735","2017-07-04 22.45.00",0,0,NA,NA
"736","2017-07-05 08.15.00",5210.37190085266,2.5,2084.14876034107,71.8456798944653
"737","2017-07-05 23.15.00",12927.924586708,3.25,3977.8229497563,1.4806321000895
"738","2017-07-06 23.30.00",1879.58521373071,1,1879.58521373071,0
"739","2017-07-24 04.00.00",589.909186937587,0.25,2359.63674775035,0
"740","2017-07-24 04.30.00",40643.2423047236,4.5,9031.8316232719,20.9979334951921
"741","2017-07-28 21.45.00",933.295229449098,0.25,3733.18091779639,0
"742","2017-07-28 22.15.00",18008.7789626095,7.75,2323.71341453026,51.0556310291272
"743","2017-08-04 22.45.00",11716.5543660434,3,3905.51812201447,34.3038711096326
"744","2017-08-07 12.15.00",0,0,NA,NA
"745","2017-08-07 12.30.00",332.444559117558,0.25,1329.77823647023,NA
"746","2017-08-08 01.00.00",0,0,NA,NA
"747","2017-08-08 02.00.00",8648.00875002744,1,8648.00875002744,56.2672007685208
"748","2017-08-08 03.15.00",39193.3154102194,4.5,8709.62564671541,11.123632988134
"749","2017-08-11 20.15.00",1616.67243141736,0.25,6466.68972566946,NA
"750","2017-08-11 22.00.00",3775.34895308517,1.75,2157.34225890581,7.41129932222407
"751","2017-08-14 04.00.00",1467.11782551003,1,1467.11782551003,19.6154817718489
"752","2017-08-21 23.45.00",0,0,NA,NA
"753","2017-08-22 00.45.00",0,0,NA,NA
"754","2017-08-22 01.00.00",32809.0396333076,4,8202.2599083269,76.537625773885
"755","2017-09-02 03.45.00",2757.22276826566,1.5,1838.1485121771,7.3980866339276
"756","2017-09-06 14.30.00",2889.47621852762,2,1444.73810926381,61.8473583537131
"757","2017-09-06 16.45.00",2078.55070622856,1.25,1662.84056498285,35.1396731247555
"758","2017-09-20 22.30.00",3139.3342754943,1.25,2511.46742039544,8.06539742923325
"759","2017-10-09 02.45.00",201305.195342891,7,28757.8850489844,77.2602964943465
"760","2017-10-09 10.00.00",22965.8285596995,2.25,10207.034915422,3.49091351171067
"761","2017-10-09 14.00.00",0,0,NA,NA
"762","2017-10-11 03.00.00",4407.95609001053,0.5,8815.91218002106,NA
"763","2017-10-11 03.45.00",105158.307716533,6.5,16178.2011871589,27.8772191534103
"764","2017-10-23 17.30.00",455.673651194706,0.25,1822.69460477883,NA
"765","2017-10-23 18.00.00",2690.81403342232,1,2690.81403342232,NA
"766","2017-10-23 19.15.00",6184.65878390092,0.5,12369.3175678018,NA
"767","2017-10-23 20.00.00",83129.9576506485,2.5,33251.9830602594,58.9839743589744
"768","2017-10-23 22.45.00",118076.637416572,7,16868.0910595103,25.2654291344336
"769","2017-10-29 01.00.00",172838.675418939,6,28806.4459031564,24.548256543894
"770","2017-10-29 07.15.00",88301.4008198059,9.5,9294.88429682168,5.37117457345983
"771","2017-11-19 06.45.00",4808.42484439856,2,2404.21242219928,53.9237654351728
"772","2017-12-23 23.15.00",1412.1055511813,1,1412.1055511813,44.5477504259666
"773","2018-01-13 01.00.00",0,0,NA,NA
"774","2018-01-13 02.00.00",4900.57871376733,2.25,2178.03498389659,120.997627752053
"775","2018-01-13 04.30.00",724.812325070043,0.5,1449.62465014009,NA
"776","2018-02-07 06.30.00",3313.88447234543,2,1656.94223617272,48.2887837773453
"777","2018-02-07 14.15.00",110613.524917658,6.75,16387.1888766901,120.191470933382
"778","2018-02-07 23.00.00",713.25171141154,0.5,1426.50342282308,0
"779","2018-02-10 14.45.00",3598.52408990952,1,3598.52408990952,26.930276440874
"780","2018-02-10 16.00.00",0,0,NA,NA
"781","2018-02-10 17.30.00",802.594188376022,0.25,3210.37675350409,0
"782","2018-02-11",19633.6629437082,3.25,6041.12705960251,NA
"783","2018-02-11 04.15.00",15000.7424225769,1,15000.7424225769,2.06443298969072
"784","2018-02-11 06.15.00",9376.39112255165,1.5,6250.92741503443,2.15856255588986
"785","2018-02-11 08.15.00",5026.62218290938,1,5026.62218290938,NA
"786","2018-02-11 09.45.00",32011.3904830224,6.25,5121.82247728359,1.72151060744354
"787","2018-02-11 17.00.00",5126.9355424492,2.25,2278.63801886631,4.08759165655835
"788","2018-02-11 19.45.00",499.606875712635,0.25,1998.42750285054,NA
"789","2018-02-11 21.00.00",3321.0464634648,1.5,2214.0309756432,4.42531707250817
"790","2018-02-11 23.45.00",0,0,NA,NA
"791","2018-02-12 00.45.00",0,0,NA,NA
"792","2018-02-15 05.45.00",0,0,NA,NA
"793","2018-02-19 11.30.00",1971.08869325122,1.25,1576.87095460098,19.697181997723
"794","2018-02-25 14.15.00",1229.35422334065,0.75,1639.1389644542,0
"795","2018-03-01 18.30.00",0,0,NA,NA
"796","2018-03-02 01.30.00",0,0,NA,NA
"797","2018-03-20 06.00.00",0,0,NA,NA
"798","2018-04-03 01.45.00",0,0,NA,NA
"799","2018-04-03 03.15.00",0,0,NA,NA
"800","2018-04-03 04.45.00",0,0,NA,NA
"801","2018-04-25 07.45.00",0,0,NA,NA
"802","2018-05-15 19.00.00",0,0,NA,NA
"803","2018-05-17",18008.578427638,3,6002.85947587934,63.9710107811441
"804","2018-05-18 00.15.00",3159.92636191333,0.75,4213.23514921778,NA
"805","2018-05-18 01.15.00",58170.3472678242,4,14542.586816956,6.062822279871
"806","2018-05-19",9832.28036319303,2.75,3575.37467752474,34.3135404652936
"807","2018-05-19 04.30.00",0,0,NA,NA
"808","2018-05-23",25000.2916715925,4,6250.07291789813,63.273725070895
"809","2018-05-26 16.30.00",0,0,NA,NA
"810","2018-05-27 21.15.00",0,0,NA,NA
"811","2018-05-27 23.00.00",7094.92140355914,0.75,9459.89520474553,54.3708591075186
"812","2018-06-13 20.45.00",1654.4618513744,0.5,3308.92370274881,64.839578578194
"813","2018-06-26 07.30.00",1010.47840158203,0.25,4041.91360632811,0
"814","2018-06-26 08.00.00",34755.4074051917,3.5,9930.11640148336,87.1224060252156
"815","2018-07-07 02.30.00",1297.03922626122,0.75,1729.38563501495,8.15650696670252
"816","2018-07-22 00.30.00",1661.94389488086,0.25,6647.77557952344,0
"817","2018-07-22 01.15.00",43584.2426170126,1.75,24905.2814954358,3.32419580550679
"818","2018-07-22 03.15.00",47707.1168604444,3.75,12721.8978294518,40.5235856016896
"819","2018-07-25 02.15.00",474.403656412775,0.25,1897.6146256511,0
"820","2018-07-25 04.15.00",1565.27477413209,1,1565.27477413209,66.6160113525616
"821","2018-07-25 19.30.00",1100.03332067269,0.25,4400.13328269076,0
"822","2018-07-25 20.00.00",0,0,NA,NA
"823","2018-07-25 21.15.00",20492.8119651275,2.75,7451.93162368272,80.9090519774298
"824","2018-08-22 00.15.00",2456.3924040071,1.75,1403.65280228977,28.7007905012836
"825","2018-08-28 01.30.00",0,0,NA,NA
"826","2018-08-30 20.15.00",256096.766183783,9.75,26266.3349932085,21.2589594386072
"827","2018-09-02 21.45.00",4255.63454331063,1.75,2431.79116760607,63.2018984915062
"828","2018-09-09 06.45.00",4139.86346114039,1.25,3311.89076891231,15.9741036412574
"829","2018-09-09 08.15.00",13271.0400571722,3.5,3791.72573062064,130.186332711333
"830","2018-09-10 06.30.00",9832.46860895165,4,2458.11715223791,18.6686322255559
"831","2018-09-11 19.45.00",1361.22787629326,0.75,1814.97050172434,49.6065652404311
"832","2018-09-11 20.45.00",360.271660231777,0.25,1441.08664092711,NA
"833","2018-09-11 22.00.00",4263.93203860917,2,2131.96601930459,6.60718554402716
"834","2018-09-16 11.45.00",14915.2543604624,4.5,3314.50096899164,57.0689401999668
"835","2018-09-16 17.15.00",2166.61958218552,0.75,2888.82610958069,NA
"836","2018-09-16 19.00.00",44404.0096510804,4.5,9867.55770024008,1.46418416092343
"837","2018-09-16 23.45.00",2371.84949947231,0.75,3162.46599929641,4.11055508866604
"838","2018-09-17 00.45.00",7167.58723956363,2,3583.79361978182,0.46197429623477
"839","2018-09-17 03.00.00",4683.2326320388,1,4683.2326320388,2.17673668822568
"840","2018-09-17 04.15.00",7088.48688496529,1.25,5670.78950797223,NA
"841","2018-09-17 05.45.00",154207.65190501,8.75,17623.7316462869,30.7266557667241
"842","2018-09-17 15.45.00",432.29431088455,0.25,1729.1772435382,0
"843","2018-09-22 18.45.00",0,0,NA,NA
"844","2018-09-22 19.15.00",0,0,NA,NA
"845","2018-09-22 21.30.00",8882.12979930603,2.75,3229.86538156583,71.3839586405977
"846","2018-09-23 01.30.00",6251.06300678024,0.5,12502.1260135605,74.7965290883084
"847","2018-09-23 02.15.00",275531.963201568,13.75,20038.6882328413,69.2230913274606
"848","2018-09-27 14.00.00",0,0,NA,NA
"849","2018-09-27 15.00.00",29763.3916180849,5.75,5176.2420205365,40.0852498053653
"850","2018-09-28 00.30.00",0,0,NA,NA
"851","2018-09-28 00.45.00",202246.087150596,10,20224.6087150596,78.5776093846582
"852","2018-09-28 11.00.00",3681.66849377677,1.75,2103.81056787244,0.901318948352569
"853","2018-10-02 17.45.00",964.130535908822,0.25,3856.52214363529,NA
"854","2018-10-02 21.30.00",2343.78138742675,1.25,1875.0251099414,22.6058755367661
"855","2018-10-10 20.30.00",157778.554137654,10.5,15026.5289654909,144.957495310949
"856","2018-10-11 12.30.00",678.999775329526,0.25,2715.99910131811,NA
"857","2018-10-11 13.00.00",305647.035883464,12.25,24950.7784394664,25.5693114043817
"858","2018-10-26 19.15.00",11223.9175537317,4.25,2640.92177734863,188.380456561253
"859","2018-11-02 19.30.00",1032.2828966896,0.25,4129.13158675841,0
"860","2018-11-02 20.00.00",23635.3729774948,5,4727.07459549896,98.1853356951742
"861","2018-11-06 13.45.00",350.527585547473,0.25,1402.11034218989,0
"862","2018-11-06 15.00.00",6313.18310010812,2.75,2295.70294549386,21.3193768034481
"863","2018-11-09 18.45.00",6827.34625048336,3.25,2100.72192322565,20.1764374596
"864","2018-11-12 21.00.00",48900.4321836862,11.5,4252.21149423358,8.69472380965825
"865","2018-11-13 14.00.00",669.366675643501,0.5,1338.733351287,11.9999999999999
"866","2018-11-15 12.00.00",782.457908716684,0.5,1564.91581743337,NA
"867","2018-11-15 12.45.00",146973.217495753,18.25,8053.32698606866,37.304780853625
"868","2018-11-16 07.15.00",728.127697809779,0.5,1456.25539561956,0.49913271926819
"869","2018-11-16 08.00.00",1382.26826073,1,1382.26826073,19.3111295078855
"870","2018-11-24 13.30.00",37218.7973289219,3.5,10633.9420939777,43.4927751211196
"871","2018-11-24 18.00.00",1386.86659340466,0.25,5547.46637361863,0
"872","2018-11-24 20.45.00",1494.00182343855,1,1494.00182343855,1.04196063516751
"873","2018-11-30 12.30.00",6540.83027991812,2,3270.41513995906,11.9717523495782
"874","2018-11-30 14.45.00",1048.65203438721,0.25,4194.60813754883,NA
"875","2018-11-30 15.15.00",15541.9517413777,5.25,2960.37176026242,97.0539066969433
"876","2018-12-01 13.30.00",1756.2759764794,1.25,1405.02078118352,11.1097891497808
"877","2018-12-14 21.00.00",17937.5713350298,7.75,2314.52533355223,16.6255634730491
"878","2018-12-15 05.00.00",23916.9503498977,6,3986.15839164961,126.94183303105
"879","2018-12-15 11.15.00",47875.7910936257,8.25,5803.12619316675,118.178401834882
"880","2018-12-15 19.45.00",1681.85905944897,0.5,3363.71811889793,9.01179932465153
"881","2018-12-15 20.30.00",32240.4891643022,8.5,3792.99872521202,43.0343945995769
"882","2018-12-16 05.15.00",4564.32386239373,2,2282.16193119687,9.40800659070642
"883","2018-12-16 07.30.00",8200.15059337196,3.75,2186.70682489919,10.6697361913387
"884","2018-12-16 11.30.00",947.959652808497,0.5,1895.91930561699,0.600609357763007
"885","2018-12-16 12.15.00",2695.85056065757,1.5,1797.23370710505,0.658089265042437
"886","2018-12-16 14.00.00",1700.57379710403,1,1700.57379710403,7.49999999999995
"887","2018-12-16 15.15.00",414.505002657363,0.25,1658.02001062945,NA
"888","2018-12-16 15.45.00",1219.83665842688,0.75,1626.44887790251,5.22921265610816
"889","2018-12-16 16.45.00",399.100886506428,0.25,1596.40354602571,NA
"890","2018-12-16 17.15.00",393.809524462104,0.25,1575.23809784842,NA
"891","2018-12-16 17.45.00",1148.53662031163,0.75,1531.38216041551,34.5435213848711
"892","2018-12-16 18.45.00",1123.32064165241,0.75,1497.76085553655,1.87759864603925
"893","2018-12-16 19.45.00",362.162082614904,0.25,1448.64833045962,NA
"894","2018-12-16 20.15.00",360.911681301312,0.25,1443.64672520525,NA
"895","2018-12-16 20.45.00",1064.32565996379,0.75,1419.10087995172,19.499560950375
"896","2018-12-16 21.45.00",1054.02714800947,0.75,1405.36953067929,0.67547857078401
"897","2018-12-16 22.45.00",688.525471309716,0.5,1377.05094261943,2.24933075813374
"898","2018-12-16 23.30.00",1995.87829734302,1.5,1330.58553156202,60.0820175002955
"899","2018-12-20 19.15.00",6342.16616026872,2.5,2536.86646410749,NA
"900","2018-12-20 22.00.00",34364.3345903467,5.5,6248.06083460849,8.97721586096788
"901","2018-12-21 03.45.00",21787.0206123826,7,3112.43151605466,251.780161355387
"902","2018-12-21 11.00.00",1896.52164001917,1,1896.52164001917,NA
"903","2018-12-21 12.15.00",11822.3749896173,4.25,2781.73529167465,13.0838747876847
"904","2018-12-21 16.45.00",1716.66685833478,0.75,2288.88914444638,1.00276571583342
"905","2018-12-21 17.45.00",3714.97770528693,1.75,2122.8444030211,26.8810362982478
"906","2018-12-21 19.45.00",1049.45623213757,0.5,2098.91246427514,55.9897790665203
"907","2018-12-21 20.30.00",1683.1281386058,0.75,2244.1708514744,18
"908","2018-12-21 21.30.00",2330.57901315564,1,2330.57901315564,9.53862270798082
"909","2018-12-21 22.45.00",9531.15739175807,5.25,1815.45855081106,91.5376318052221
"910","2018-12-22 04.30.00",350.250889826238,0.25,1401.00355930495,NA
"911","2018-12-28 07.15.00",5519.66732508914,2,2759.83366254457,NA
"912","2018-12-28 09.30.00",2894.12347409987,0.75,3858.83129879983,NA
"913","2018-12-28 10.30.00",81261.0795362271,5.5,14774.7417338595,9.44838517377582
"914","2018-12-28 16.15.00",99594.9168087203,10.25,9716.57724963125,34.5617499816868
"915","2018-12-29 02.45.00",1454.69275906465,0.75,1939.59034541954,4.49698564366717
"916","2018-12-29 03.45.00",916.909102982357,0.5,1833.81820596471,24.5066374922885
"917","2018-12-29 04.30.00",868.773965596796,0.5,1737.54793119359,3.5
"918","2018-12-29 05.15.00",2052.01377184011,1.25,1641.61101747209,0.843112685454441
"919","2018-12-29 06.45.00",398.433431646766,0.25,1593.73372658706,NA
"920","2018-12-29 07.15.00",1910.9594974015,1.25,1528.7675979212,31.2661316395839
"921","2018-12-29 10.45.00",1078.91138442563,0.75,1438.5485125675,NA
"922","2018-12-29 11.45.00",1738.19354409005,1.25,1390.55483527204,19.2273081183403
"923","2018-12-29 13.15.00",343.452194667867,0.25,1373.80877867147,NA
"924","2018-12-29 14.30.00",0,0,NA,NA
"925","2019-01-03 07.45.00",1494.9632255022,1,1494.9632255022,NA
"926","2019-01-03 09.00.00",4765.8619159225,3,1588.62063864083,1.31304773684972
"927","2019-01-05 02.15.00",25651.7307142788,7.5,3420.23076190384,65.9254342047173
"928","2019-01-05 10.15.00",0,0,NA,NA
"929","2019-01-05 11.30.00",4336.97020349467,2.25,1927.5423126643,56.179508228726
"930","2019-01-05 14.00.00",541.266650019055,0.25,2165.06660007622,NA
"931","2019-01-05 14.30.00",2046.98851268085,1,2046.98851268085,2.76695611710486
"932","2019-01-19 22.30.00",6984.58926106113,2,3492.29463053057,44.2789806029453
"933","2019-01-20 00.45.00",58905.8498817619,6.5,9062.43844334799,102.258855795395
"934","2019-01-20 07.30.00",3530.45581852572,0.75,4707.27442470096,2.62105696489674
"935","2019-01-20 08.30.00",31360.3818977637,6.75,4645.9825033724,64.4967578518174
"936","2019-01-20 15.45.00",2849.55289857187,1.75,1628.31594204107,1.00446977275761
"937","2019-01-20 18.45.00",0,0,NA,NA
"938","2019-01-24 08.15.00",777.69916225469,0.5,1555.39832450938,NA
"939","2019-01-24 09.00.00",4917.08756306388,2.25,2185.37225025061,NA
"940","2019-01-24 11.30.00",8077.26747502468,2,4038.63373751234,NA
"941","2019-01-24 13.45.00",13661.1384032969,2.75,4967.68669210796,4.56985399413739
"942","2019-01-24 17.45.00",0,0,NA,NA
"943","2019-01-24 19.15.00",786.816885656774,0.5,1573.63377131355,0.00621062837985247
"944","2019-02-07 14.30.00",428.027726511553,0.25,1712.11090604621,0
"945","2019-02-07 16.45.00",0,0,NA,NA
"946","2019-02-07 18.30.00",1184.09937898019,0.75,1578.79917197359,1.09899233803779
"947","2019-02-12 08.15.00",10008.8752189451,3.5,2859.67863398431,21.922677325006
"948","2019-02-12 12.00.00",1460.68457305615,0.5,2921.36914611231,1.0356325508035
"949","2019-02-12 12.45.00",7719.84715243238,4,1929.9617881081,3.85955263282647
"950","2019-02-12 17.45.00",1969.44197451728,1.25,1575.55357961383,0
"951","2019-02-13",376.983520140666,0.25,1507.93408056266,NA
"952","2019-02-13 00.30.00",14829.088448672,6.25,2372.65415178753,9.57695241254658
"953","2019-02-16 13.45.00",2790.74830775927,1.5,1860.49887183951,NA
"954","2019-02-16 15.30.00",1948.58289626048,1,1948.58289626048,2.39783526628119
"955","2019-02-17 17.15.00",6571.76583511899,3,2190.58861170633,26.5890734135721
"956","2019-02-17 20.30.00",2339.25150789566,1.5,1559.50100526377,3.93482853450575
"957","2019-02-17 22.15.00",1361.22420557676,1,1361.22420557676,22.7521194525427
"958","2019-02-18 03.00.00",35420.9883907795,8.75,4048.11295894623,26.2716919210761
"959","2019-02-20 18.15.00",5303.94625896886,2.75,1928.70773053413,NA
"960","2019-02-20 21.15.00",1871.9547591706,0.75,2495.93967889413,10.6027686932972
"961","2019-02-20 22.15.00",145104.520403657,11.5,12617.7843829267,233.423504118331
"962","2019-02-21 10.00.00",5384.98656498375,1.75,3077.13517999071,6.59314675234182
"963","2019-02-21 12.00.00",3474.9491309832,1.25,2779.95930478656,3.42098254035685
"964","2019-02-21 13.30.00",1974.32264490125,0.75,2632.43019320167,18.6147421132699
"965","2019-02-21 14.30.00",1962.34594127185,0.75,2616.46125502914,NA
"966","2019-02-21 22.00.00",22877.8186120106,6,3812.96976866844,159.923547575077
"967","2019-02-22 04.15.00",612.966762962209,0.25,2451.86705184884,NA
"968","2019-02-22 04.45.00",3957.39288240872,1.75,2261.36736137641,211.147141098907
"969","2019-02-22 06.45.00",542.033860600431,0.25,2168.13544240172,NA
"970","2019-02-22 07.15.00",539.71360892115,0.25,2158.8544356846,NA
"971","2019-02-22 07.45.00",1092.88105811899,0.5,2185.76211623799,NA
"972","2019-02-22 08.30.00",573.390354291212,0.25,2293.56141716485,NA
"973","2019-02-22 09.00.00",62130.1251352139,6.75,9204.46298299465,52.1116917159152
"974","2019-02-22 21.00.00",0,0,NA,NA
"975","2019-02-23 03.00.00",0,0,NA,NA
"976","2019-03-03 03.30.00",673.399972889172,0.5,1346.79994577834,0
"977","2019-03-03 04.15.00",335.483260943688,0.25,1341.93304377475,NA
"978","2019-03-03 04.45.00",336.698522088846,0.25,1346.79408835538,NA
"979","2019-03-03 05.15.00",1991.63153878064,1.5,1327.7543591871,0
"980","2019-03-03 07.00.00",1326.80784205849,1,1326.80784205849,1
"981","2019-03-03 09.30.00",0,0,NA,NA
"982","2019-03-03 17.15.00",7716.93327180687,3.25,2374.44100670981,NA
"983","2019-03-03 20.45.00",63394.9206125993,10.75,5897.2019174511,12.371409950241
"984","2019-03-04 07.45.00",547.435003676289,0.25,2189.74001470516,NA
"985","2019-03-04 08.15.00",1593.89354650879,0.75,2125.19139534506,3.27469553758199
"986","2019-03-04 09.15.00",1019.0993636066,0.5,2038.1987272132,1.33394364882571
"987","2019-03-04 10.00.00",484.882789772675,0.25,1939.5311590907,NA
"988","2019-03-04 10.30.00",1432.34849848831,0.75,1909.79799798442,0.46118986811586
"989","2019-03-04 11.30.00",922.104274686827,0.5,1844.20854937365,0
"990","2019-03-04 12.15.00",2682.35789888025,1.5,1788.2385992535,0.723612817224184
"991","2019-03-04 14.00.00",859.491400016565,0.5,1718.98280003313,NA
"992","2019-03-04 21.15.00",738.324115963237,0.5,1476.64823192647,NA
"993","2019-03-04 22.00.00",375.566286247578,0.25,1502.26514499031,NA
"994","2019-03-04 22.30.00",744.305687241252,0.5,1488.6113744825,NA
"995","2019-03-04 23.15.00",1454.61534978681,1,1454.61534978681,0.154602480428835
"996","2019-03-05 00.30.00",358.384531511695,0.25,1433.53812604678,NA
"997","2019-03-05 01.00.00",1070.42836206988,0.75,1427.23781609318,0
"998","2019-03-05 02.00.00",698.847754487681,0.5,1397.69550897536,NA
"999","2019-03-05 02.45.00",684.417494363288,0.5,1368.83498872658,0
"1000","2019-03-05 03.30.00",692.274114646058,0.5,1384.54822929212,0
"1001","2019-03-05 04.15.00",697.231796160872,0.5,1394.46359232174,0
"1002","2019-03-05 05.00.00",666.931759107617,0.5,1333.86351821523,NA
"1003","2019-03-05 05.45.00",1335.19348512994,1,1335.19348512994,0.249094596932836
"1004","2019-03-05 07.00.00",994.616638757788,0.75,1326.15551834372,0
"1005","2019-03-05 09.00.00",0,0,NA,NA
"1006","2019-03-05 11.00.00",0,0,NA,NA
"1007","2019-03-08 15.30.00",1500.17536719437,1,1500.17536719437,92.8195438114068
"1008","2019-03-10 05.15.00",362.110483414258,0.25,1448.44193365703,NA
"1009","2019-03-10 05.45.00",1553.7395102075,0.75,2071.65268027666,NA
"1010","2019-03-10 06.45.00",17308.4595753663,6,2884.74326256104,227.212749108882
"1011","2019-04-05 12.45.00",12971.7583105213,3.25,3991.31024939117,153.993199097008
"1012","2019-04-08 18.15.00",1434.48880703833,0.25,5737.95522815332,NA
"1013","2019-04-08 18.45.00",0,0,NA,NA
"1014","2019-04-08 21.15.00",9662.87547566098,2,4831.43773783049,294.690423974155
"1015","2019-04-12 21.30.00",3588.85551170741,1,3588.85551170741,42.3225838072827
"1016","2019-04-13 03.30.00",373.732721698409,0.25,1494.93088679364,NA
"1017","2019-04-13 04.45.00",11351.7909505629,2.25,5045.24042247241,62.775651118204
"1018","2019-04-14 17.00.00",1981.86961696034,1,1981.86961696034,15.3327737627906
"1019","2019-04-14 18.15.00",6910.15037074715,2.5,2764.06014829886,9.07538816730985
"1020","2019-04-14 21.00.00",7178.55229675732,3,2392.85076558577,120.821207322314
"1021","2019-04-15 02.15.00",1100.30753246443,0.25,4401.23012985773,NA
"1022","2019-04-15 02.45.00",59251.0312305723,5.75,10304.5271705343,2.98738662054189
"1023","2019-04-20 00.15.00",0,0,NA,NA
"1024","2019-04-20 03.30.00",0,0,NA,NA
"1025","2019-04-20 05.00.00",2323.61897811329,0.5,4647.23795622658,0
