"Date Time, GMT-05:00",Full Range_μS/cm,Temp_F,Specific Conductance_μS/cm
6/26/2019 14:00,534.1,76.93,534.7
6/26/2019 14:15,496,77.04,496
6/26/2019 14:30,443.4,77.11,443
6/26/2019 14:45,404.2,77.22,403.3
6/26/2019 15:00,384.3,77.25,383.3
6/26/2019 15:15,334.2,77.16,333.7
6/26/2019 15:30,308.9,76.87,309.5
6/26/2019 15:45,517.9,76.53,520.9
6/26/2019 16:00,511,76.26,515.6
6/26/2019 16:15,501.3,75.99,507.5
6/26/2019 16:30,490.9,75.67,498.8
6/26/2019 16:45,489.9,75.31,499.9
6/26/2019 17:00,471.5,75.06,482.6
6/26/2019 17:15,445.1,74.77,457.2
6/26/2019 17:30,552.6,74.46,569.6
6/26/2019 17:45,554.2,74.16,573.4
6/26/2019 18:00,555,73.85,576.3
6/26/2019 18:15,556.5,73.58,579.8
6/26/2019 18:30,557.7,73.36,582.5
6/26/2019 18:45,557.4,73.11,584
6/26/2019 19:00,556.7,72.88,584.9
6/26/2019 19:15,556.5,72.59,586.7
6/26/2019 19:30,555.5,72.34,587.5
6/26/2019 19:45,554.5,72.05,588.5
6/26/2019 20:00,553.8,71.74,590
6/26/2019 20:15,552.8,71.44,591.1
6/26/2019 20:30,551.5,71.17,591.7
6/26/2019 20:45,550.8,70.86,593.1
6/26/2019 21:00,550.2,70.63,594.2
6/26/2019 21:15,549.2,70.38,595
6/26/2019 21:30,548.2,70.14,595.6
6/26/2019 21:45,547.9,69.91,597
6/26/2019 22:00,548.7,69.71,599.4
6/26/2019 22:15,548.7,69.51,600.9
6/26/2019 22:30,548,69.33,601.4
6/26/2019 22:45,546.6,69.19,601
6/26/2019 23:00,545.6,69.01,601.2
6/26/2019 23:15,544.5,68.88,601
6/26/2019 23:30,543.9,68.74,601.4
6/26/2019 23:45,543.2,68.58,601.8
6/27/2019 0:00,541.8,68.45,601.2
6/27/2019 0:15,540.7,68.32,601
6/27/2019 0:30,539.7,68.18,600.9
6/27/2019 0:45,538.6,68.05,600.7
6/27/2019 1:00,537.9,67.93,600.9
6/27/2019 1:15,536.5,67.82,600.1
6/27/2019 1:30,536.2,67.71,600.6
6/27/2019 1:45,534.7,67.6,599.7
6/27/2019 2:00,534.8,67.48,600.8
6/27/2019 2:15,533.3,67.39,599.8
6/27/2019 2:30,531.9,67.28,599
6/27/2019 2:45,531.6,67.17,599.5
6/27/2019 3:00,529.8,67.05,598.5
6/27/2019 3:15,528.7,66.96,597.9
6/27/2019 3:30,528,66.81,598.2
6/27/2019 3:45,527.3,66.7,598.2
6/27/2019 4:00,538,66.6,611.2
6/27/2019 4:15,525.6,66.52,597.7
6/27/2019 4:30,524.5,66.43,597.1
6/27/2019 4:45,523.8,66.34,597
6/27/2019 5:00,522.4,66.24,596.2
6/27/2019 5:15,522,66.15,596.5
6/27/2019 5:30,521,66.11,595.6
6/27/2019 5:45,521.3,66.11,595.9
6/27/2019 6:00,522.1,66.11,596.9
6/27/2019 6:15,522,66.16,596.3
6/27/2019 6:30,523.1,66.25,596.9
6/27/2019 6:45,524.2,66.34,597.5
6/27/2019 7:00,524.9,66.47,597.3
6/27/2019 7:15,526.3,66.63,597.7
6/27/2019 7:30,528,66.81,598.2
6/27/2019 7:45,529.4,67.05,598
6/27/2019 8:00,531.2,67.33,597.9
6/27/2019 8:15,533.3,67.68,597.6
6/27/2019 8:30,535.7,68.02,597.7
6/27/2019 8:45,537.7,68.49,596.4
6/27/2019 9:00,539.8,68.95,595.2
6/27/2019 9:15,542.5,69.48,594.3
6/27/2019 9:30,545.3,70,593.5
6/27/2019 9:45,547.7,70.56,592
6/27/2019 10:00,550.4,71.11,590.9
6/27/2019 10:15,553.1,71.71,589.5
6/27/2019 10:30,555.9,72.25,588.6
6/27/2019 10:45,559.3,72.86,587.8
6/27/2019 11:00,562.4,73.45,586.8
6/27/2019 11:15,565.1,73.92,586.3
6/27/2019 11:30,567.6,74.26,586.5
6/27/2019 11:45,569.9,74.82,585
6/27/2019 12:00,572.7,75.29,584.6
6/27/2019 12:15,575.5,75.67,584.8
6/27/2019 12:30,578.2,76.1,584.6
6/27/2019 12:45,581,76.53,584.4
6/27/2019 13:00,583.4,76.96,583.9
6/27/2019 13:15,585.4,77.4,582.9
6/27/2019 13:30,587.8,77.77,582.7
6/27/2019 13:45,589.9,78.15,582.2
6/27/2019 14:00,591.5,78.55,581.2
6/27/2019 14:15,592.2,78.62,581.4
6/27/2019 14:30,589.5,78.22,581.4
6/27/2019 14:45,587.4,77.9,581.5
6/27/2019 15:00,586.7,77.74,581.9
6/27/2019 15:15,585,77.4,582.5
6/27/2019 15:30,581.6,76.87,582.7
6/27/2019 15:45,580.5,76.73,582.5
6/27/2019 16:00,579.1,76.62,581.9
6/27/2019 16:15,577.7,76.55,581
6/27/2019 16:30,575.9,76.48,579.6
6/27/2019 16:45,574.1,76.35,578.7
6/27/2019 17:00,572.4,76.12,578.6
6/27/2019 17:15,580.1,75.92,587.7
6/27/2019 17:30,579.1,75.67,588.5
6/27/2019 17:45,578.8,75.38,590.2
6/27/2019 18:00,578.2,75,592.2
6/27/2019 18:15,576.5,74.7,592.6
6/27/2019 18:30,575.2,74.35,593.7
6/27/2019 18:45,574.2,74.05,594.9
6/27/2019 19:00,572.8,73.78,595.3
6/27/2019 19:15,571.5,73.47,596.2
6/27/2019 19:30,570.4,73.26,596.6
6/27/2019 19:45,569.1,73,597
6/27/2019 20:00,568.4,72.77,598
6/27/2019 20:15,566.7,72.59,597.5
6/27/2019 20:30,565.3,72.37,597.6
6/27/2019 20:45,563.9,72.19,597.4
6/27/2019 21:00,562.5,72,597.4
6/27/2019 21:15,561.8,71.82,597.9
6/27/2019 21:30,560.4,71.64,597.8
6/27/2019 21:45,560.1,71.47,598.6
6/27/2019 22:00,559.4,71.31,599.1
6/27/2019 22:15,558.8,71.15,599.6
6/27/2019 22:30,557.7,70.99,599.6
6/27/2019 22:45,556.7,70.81,599.9
6/27/2019 23:00,556.7,70.68,600.8
6/27/2019 23:15,555.3,70.52,600.5
6/27/2019 23:30,553.9,70.38,600.1
6/27/2019 23:45,553.2,70.21,600.5
6/28/2019 0:00,551.8,70.07,600.1
6/28/2019 0:15,550.8,69.93,600.1
6/28/2019 0:30,549.7,69.78,599.9
6/28/2019 0:45,548.3,69.62,599.6
6/28/2019 1:00,547.3,69.48,599.6
6/28/2019 1:15,545.9,69.31,599.3
6/28/2019 1:30,544.1,69.17,598.4
6/28/2019 1:45,543,69.01,598.4
6/28/2019 2:00,541.6,68.88,597.8
6/28/2019 2:15,540.6,68.74,597.7
6/28/2019 2:30,539.2,68.58,597.4
6/28/2019 2:45,538.5,68.45,597.6
6/28/2019 3:00,537.4,68.32,597.3
6/28/2019 3:15,537.1,68.18,598.1
6/28/2019 3:30,537.1,68.05,599
6/28/2019 3:45,537.5,67.95,600.3
6/28/2019 4:00,537.2,67.84,600.8
6/28/2019 4:15,537.6,67.73,602
6/28/2019 4:30,537.6,67.62,602.8
6/28/2019 4:45,536.9,67.53,602.7
6/28/2019 5:00,536.6,67.41,603.4
6/28/2019 5:15,535.9,67.32,603.3
6/28/2019 5:30,535.9,67.23,604
6/28/2019 5:45,536,67.19,604.4
6/28/2019 6:00,536,67.17,604.5
6/28/2019 6:15,537,67.21,605.3
6/28/2019 6:30,537.4,67.26,605.4
6/28/2019 6:45,538.8,67.33,606.4
6/28/2019 7:00,539.5,67.48,606.1
6/28/2019 7:15,540.6,67.62,606.2
6/28/2019 7:30,542,67.82,606.3
6/28/2019 7:45,543,68.07,605.4
6/28/2019 8:00,544.3,68.34,604.8
6/28/2019 8:15,545.7,68.65,604.1
6/28/2019 8:30,547.4,69.01,603.2
6/28/2019 8:45,549.1,69.48,601.6
6/28/2019 9:00,551.5,69.91,601
6/28/2019 9:15,553.5,70.43,599.2
6/28/2019 9:30,555.9,70.95,598
6/28/2019 9:45,559,71.51,597.2
6/28/2019 10:00,561.4,72.1,595.4
6/28/2019 10:15,565.2,72.68,595.3
6/28/2019 10:30,567.9,73.26,594
6/28/2019 10:45,569.9,73.69,593
6/28/2019 11:00,571.6,74.16,591.4
6/28/2019 11:15,575.4,74.79,590.9
6/28/2019 11:30,577.8,75.25,590
6/28/2019 11:45,579.1,75.52,589.5
6/28/2019 12:00,578.4,75.4,589.6
6/28/2019 12:15,578.4,75.45,589.3
6/28/2019 12:30,581.2,75.88,589.1
6/28/2019 12:45,583.2,76.3,588.2
6/28/2019 13:00,586.3,76.84,587.6
6/28/2019 13:15,586,76.78,587.7
6/28/2019 13:30,585.3,76.71,587.5
6/28/2019 13:45,587.6,77.22,586.3
6/28/2019 14:00,589.7,77.59,585.8
6/28/2019 14:15,591.7,77.95,585.4
6/28/2019 14:30,591.1,77.83,585.6
6/28/2019 14:45,590,77.67,585.6
6/28/2019 15:00,589.4,77.47,586.4
6/28/2019 15:15,590.1,77.47,587.1
6/28/2019 15:30,589.8,77.29,588
6/28/2019 15:45,587.4,76.87,588.5
6/28/2019 16:00,586.4,76.59,589.5
6/28/2019 16:15,585.8,76.33,590.6
6/28/2019 16:30,584.4,76.01,591.5
6/28/2019 16:45,583.1,75.69,592.4
6/28/2019 17:00,581.7,75.33,593.5
6/28/2019 17:15,581.5,75.07,595.1
6/28/2019 17:30,580.5,74.75,596.4
6/28/2019 17:45,579.5,74.52,597
6/28/2019 18:00,578.8,74.32,597.7
6/28/2019 18:15,577.8,74.01,598.8
6/28/2019 18:30,576.5,73.71,599.7
6/28/2019 18:45,575.1,73.4,600.4
6/28/2019 19:00,573.7,73.15,600.8
6/28/2019 19:15,572.7,72.88,601.7
6/28/2019 19:30,572.1,72.66,602.7
6/28/2019 19:45,570.7,72.45,602.8
6/28/2019 20:00,570,72.27,603.4
6/28/2019 20:15,569.4,72.12,603.8
6/28/2019 20:30,569,71.94,604.7
6/28/2019 20:45,568.4,71.8,605.1
6/28/2019 21:00,575,71.67,613.1
6/28/2019 21:15,566.6,71.53,605.2
6/28/2019 21:30,565.6,71.4,605.1
6/28/2019 21:45,564.2,71.29,604.4
6/28/2019 22:00,563.8,71.17,604.9
6/28/2019 22:15,563.2,71.06,605
6/28/2019 22:30,562.1,70.95,604.6
6/28/2019 22:45,561.4,70.84,604.7
6/28/2019 23:00,561.1,70.77,604.9
6/28/2019 23:15,560.7,70.66,605.3
6/28/2019 23:30,560,70.56,605.3
6/28/2019 23:45,559,70.45,605.1
6/29/2019 0:00,559,70.34,605.9
6/29/2019 0:15,558,70.23,605.6
6/29/2019 0:30,557.3,70.14,605.5
6/29/2019 0:45,557.3,70.02,606.5
6/29/2019 1:00,556.2,69.89,606.2
6/29/2019 1:15,554.5,69.73,605.6
6/29/2019 1:30,553.4,69.57,605.6
6/29/2019 1:45,552,69.4,605.3
6/29/2019 2:00,550.3,69.21,604.9
6/29/2019 2:15,549.2,69.06,604.8
6/29/2019 2:30,547.1,68.88,603.8
6/29/2019 2:45,546,68.74,603.7
6/29/2019 3:00,544.6,68.58,603.4
6/29/2019 3:15,543.2,68.43,602.9
6/29/2019 3:30,542.2,68.31,602.8
6/29/2019 3:45,541.5,68.16,603.1
6/29/2019 4:00,540.4,68.05,602.7
6/29/2019 4:15,539.4,67.93,602.5
6/29/2019 4:30,538.7,67.82,602.6
6/29/2019 4:45,538,67.73,602.5
6/29/2019 5:00,537.7,67.6,603.1
6/29/2019 5:15,537.7,67.51,603.8
6/29/2019 5:30,537.3,67.42,604
6/29/2019 5:45,537.4,67.39,604.4
6/29/2019 6:00,537.4,67.33,604.8
6/29/2019 6:15,538.1,67.39,605.2
6/29/2019 6:30,539.5,67.48,606.1
6/29/2019 6:45,540.6,67.59,606.5
6/29/2019 7:00,542,67.71,607.1
6/29/2019 7:15,544.1,67.89,608.1
6/29/2019 7:30,545.9,68.14,608.1
6/29/2019 7:45,546.9,68.31,608
6/29/2019 8:00,547.9,68.52,607.5
6/29/2019 8:15,549,68.76,606.9
6/29/2019 8:30,549.6,68.97,605.9
6/29/2019 8:45,550.3,69.19,605
6/29/2019 9:00,550.9,69.48,603.5
6/29/2019 9:15,552.6,69.85,602.6
6/29/2019 9:30,554.7,70.27,601.7
6/29/2019 9:45,557.4,70.86,600.3
6/29/2019 10:00,559.1,71.26,599.2
6/29/2019 10:15,560.8,71.64,598.2
6/29/2019 10:30,562.5,72.01,597.2
6/29/2019 10:45,565.9,72.68,596
6/29/2019 11:00,569.3,73.27,595.3
6/29/2019 11:15,572.8,73.89,594.6
6/29/2019 11:30,576.6,74.52,594
6/29/2019 11:45,580,75.15,593
6/29/2019 12:00,583.4,75.72,592.5
6/29/2019 12:15,586.1,76.32,591
6/29/2019 12:30,589.9,76.89,590.9
6/29/2019 12:45,593,77.41,590.4
6/29/2019 13:00,595.8,77.88,589.9
6/29/2019 13:15,597.8,78.31,588.9
6/29/2019 13:30,600.2,78.66,589
6/29/2019 13:45,603,79,589.4
6/29/2019 14:00,604.7,79.34,588.7
6/29/2019 14:15,606,79.59,588.3
6/29/2019 14:30,607.8,79.83,588.5
6/29/2019 14:45,607.8,79.77,588.8
6/29/2019 15:00,606.4,79.63,588.4
6/29/2019 15:15,606.4,79.57,588.8
6/29/2019 15:30,606.1,79.41,589.6
6/29/2019 15:45,606.5,79.29,590.9
6/29/2019 16:00,606.5,79.18,591.6
6/29/2019 16:15,606.2,79,592.5
6/29/2019 16:30,605.9,78.84,593.3
6/29/2019 16:45,604.6,78.58,593.8
6/29/2019 17:00,603.2,78.26,594.6
6/29/2019 17:15,601.9,77.85,596.2
6/29/2019 17:30,599.9,77.41,597.2
6/29/2019 17:45,597.9,76.95,598.5
6/29/2019 18:00,595.9,76.46,599.9
6/29/2019 18:15,593.9,76.01,601.1
6/29/2019 18:30,592.2,75.58,602.4
6/29/2019 18:45,590.1,75.18,603.1
6/29/2019 19:00,588.4,74.82,603.9
6/29/2019 19:15,587.1,74.46,605.2
6/29/2019 19:30,585.8,74.16,606.1
6/29/2019 19:45,583.7,73.85,606.1
6/29/2019 20:00,582,73.58,606.3
6/29/2019 20:15,580.6,73.31,606.8
6/29/2019 20:30,578.9,73.04,607
6/29/2019 20:45,577.5,72.79,607.4
6/29/2019 21:00,575.8,72.55,607.4
6/29/2019 21:15,574,72.32,607.2
6/29/2019 21:30,572.6,72.07,607.6
6/29/2019 21:45,571.3,71.89,607.5
6/29/2019 22:00,569.5,71.69,607.1
6/29/2019 22:15,568.5,71.49,607.5
6/29/2019 22:30,567.1,71.29,607.5
6/29/2019 22:45,566,71.11,607.6
6/29/2019 23:00,565,70.97,607.6
6/29/2019 23:15,564,70.79,607.9
6/29/2019 23:30,562.9,70.65,607.8
6/29/2019 23:45,561.9,70.52,607.7
6/30/2019 0:00,561.2,70.36,608.1
6/30/2019 0:15,560.9,70.21,608.9
6/30/2019 0:30,559.8,70.07,608.8
6/30/2019 0:45,559.1,69.93,609.1
6/30/2019 1:00,558.1,69.8,609
6/30/2019 1:15,557.1,69.64,609.1
6/30/2019 1:30,556,69.49,609
6/30/2019 1:45,554.6,69.39,608.3
6/30/2019 2:00,553.5,69.31,607.6
6/30/2019 2:15,552.4,69.22,607.1
6/30/2019 2:30,551.4,69.17,606.4
6/30/2019 2:45,549.2,69.08,604.7
6/30/2019 3:00,547.8,68.99,603.8
6/30/2019 3:15,547.5,68.9,604.1
6/30/2019 3:30,546,68.81,603.2
6/30/2019 3:45,545,68.7,602.9
6/30/2019 4:00,543.5,68.58,602.2
6/30/2019 4:15,542.5,68.43,602.2
6/30/2019 4:30,541.4,68.32,601.7
6/30/2019 4:45,540.8,68.18,602.2
6/30/2019 5:00,540.8,68.13,602.6
6/30/2019 5:15,540.1,68.04,602.5
6/30/2019 5:30,540.8,68,603.5
6/30/2019 5:45,540.5,67.95,603.6
6/30/2019 6:00,541.2,67.96,604.3
6/30/2019 6:15,541.9,67.96,605
6/30/2019 6:30,542.3,68.02,605.1
6/30/2019 6:45,543,68.07,605.4
6/30/2019 7:00,544.4,68.14,606.5
6/30/2019 7:15,545.8,68.31,606.8
6/30/2019 7:30,547.6,68.47,607.5
6/30/2019 7:45,549,68.67,607.6
6/30/2019 8:00,550.7,68.94,607.4
6/30/2019 8:15,552.4,69.22,607.1
6/30/2019 8:30,553.8,69.6,605.8
6/30/2019 8:45,556.2,70,605.4
6/30/2019 9:00,558.3,70.45,604.3
6/30/2019 9:15,559.6,70.86,602.6
6/30/2019 9:30,562.3,71.29,602.3
6/30/2019 9:45,564,71.8,600.4
6/30/2019 10:00,567.1,72.41,599.2
6/30/2019 10:15,569.8,72.93,598.3
6/30/2019 10:30,571.2,73.29,597.2
6/30/2019 10:45,572.1,73.6,595.9
6/30/2019 11:00,573.2,73.72,596.1
6/30/2019 11:15,572.4,73.8,594.8
6/30/2019 11:30,573.5,73.92,595
6/30/2019 11:45,574.5,74.12,594.6
6/30/2019 12:00,576.6,74.46,594.4
6/30/2019 12:15,579,74.79,594.6
6/30/2019 12:30,581.8,75.27,594
6/30/2019 12:45,583.5,75.6,593.4
6/30/2019 13:00,586.2,76.1,592.6
6/30/2019 13:15,588.6,76.59,591.7
6/30/2019 13:30,591.3,77.09,590.9
6/30/2019 13:45,594.4,77.68,589.9
6/30/2019 14:00,595.7,77.95,589.3
6/30/2019 14:15,595,77.88,589.1
6/30/2019 14:30,594.4,77.67,590
6/30/2019 14:45,594.4,77.72,589.6
6/30/2019 15:00,596.5,77.94,590.2
6/30/2019 15:15,597.2,77.99,590.6
6/30/2019 15:30,597.5,78.01,590.7
6/30/2019 15:45,597.9,78.01,591.1
6/30/2019 16:00,597.2,77.95,590.8
6/30/2019 16:15,597.9,77.95,591.5
6/30/2019 16:30,597.2,77.79,591.9
6/30/2019 16:45,596.2,77.58,592.4
6/30/2019 17:00,595.2,77.31,593.3
6/30/2019 17:15,593.9,76.98,594.2
6/30/2019 17:30,593.3,76.66,595.9
6/30/2019 17:45,592.7,76.33,597.6
6/30/2019 18:00,592,76.01,599.1
6/30/2019 18:15,590.7,75.7,600
6/30/2019 18:30,589.3,75.4,600.7
6/30/2019 18:45,589.1,75.15,602.3
6/30/2019 19:00,588.1,74.86,603.4
6/30/2019 19:15,586.7,74.57,604
6/30/2019 19:30,586.1,74.32,605.2
6/30/2019 19:45,584.7,74.03,605.9
6/30/2019 20:00,583.7,73.72,607.1
6/30/2019 20:15,582,73.42,607.5
6/30/2019 20:30,581.8,73.11,609.6
6/30/2019 20:45,579.3,72.86,608.8
6/30/2019 21:00,577.9,72.59,609.3
6/30/2019 21:15,576.2,72.37,609.1
6/30/2019 21:30,575.2,72.16,609.7
6/30/2019 21:45,573.8,71.94,609.8
6/30/2019 22:00,572.4,71.74,609.8
6/30/2019 22:15,571.4,71.56,610
6/30/2019 22:30,570.3,71.38,610.2
6/30/2019 22:45,569.6,71.26,610.4
6/30/2019 23:00,568.9,71.15,610.5
6/30/2019 23:15,568.6,71.06,610.8
6/30/2019 23:30,567.9,70.95,610.9
6/30/2019 23:45,566.5,70.81,610.5
7/1/2019 0:00,565.5,70.66,610.5
7/1/2019 0:15,564.4,70.52,610.4
7/1/2019 0:30,563.7,70.36,610.8
7/1/2019 0:45,562,70.21,610.1
7/1/2019 1:00,561.3,70.11,610.1
7/1/2019 1:15,560.2,70,609.7
7/1/2019 1:30,559.2,69.85,609.7
7/1/2019 1:45,558.5,69.8,609.4
7/1/2019 2:00,557.4,69.71,608.9
7/1/2019 2:15,556.7,69.62,608.8
7/1/2019 2:30,556.4,69.57,608.9
7/1/2019 2:45,555.6,69.49,608.5
7/1/2019 3:00,555,69.39,608.7
7/1/2019 3:15,553.5,69.22,608.3
7/1/2019 3:30,552.1,69.08,607.8
7/1/2019 3:45,551.4,68.95,608
7/1/2019 4:00,550.4,68.81,608
7/1/2019 4:15,549.3,68.7,607.6
7/1/2019 4:30,549,68.58,608.3
7/1/2019 4:45,548.7,68.45,608.9
7/1/2019 5:00,548.7,68.32,609.9
7/1/2019 5:15,548.4,68.22,610.4
7/1/2019 5:30,548.4,68.13,611.1
7/1/2019 5:45,548.5,68.04,611.9
7/1/2019 6:00,548.5,68.02,612
7/1/2019 6:15,548.5,67.96,612.4
7/1/2019 6:30,548.1,68.02,611.6
7/1/2019 6:45,548.8,68.11,611.6
7/1/2019 7:00,549.1,68.22,611.1
7/1/2019 7:15,550.2,68.36,611.3
7/1/2019 7:30,550.9,68.52,610.8
7/1/2019 7:45,551.9,68.74,610.2
7/1/2019 8:00,552.9,68.97,609.6
7/1/2019 8:15,554.6,69.22,609.5
7/1/2019 8:30,556.3,69.58,608.6
7/1/2019 8:45,558,69.96,607.6
7/1/2019 9:00,560.1,70.41,606.5
7/1/2019 9:15,562.5,70.86,605.7
7/1/2019 9:30,564.5,71.37,604.1
7/1/2019 9:45,566.5,71.83,602.8
7/1/2019 10:00,568.9,72.36,601.5
7/1/2019 10:15,571.3,72.88,600.3
7/1/2019 10:30,572.9,73.4,598.1
7/1/2019 10:45,576,73.92,597.6
7/1/2019 11:00,578,74.48,595.7
7/1/2019 11:15,580.8,75,594.9
7/1/2019 11:30,583.5,75.52,593.9
7/1/2019 11:45,585.5,76.03,592.4
7/1/2019 12:00,587.9,76.46,591.8
7/1/2019 12:15,590.3,76.93,591
7/1/2019 12:30,592,77.27,590.3
7/1/2019 12:45,594.4,77.72,589.6
7/1/2019 13:00,595.7,77.95,589.3
7/1/2019 13:15,596.7,78.24,588.3
7/1/2019 13:30,598.1,78.51,587.9
7/1/2019 13:45,599.8,78.85,587.2
7/1/2019 14:00,601.5,79.11,587.2
7/1/2019 14:15,602.9,79.34,587
7/1/2019 14:30,603.2,79.34,587.3
7/1/2019 14:45,603.9,79.38,587.7
7/1/2019 15:00,604.6,79.45,587.9
7/1/2019 15:15,605.3,79.48,588.3
7/1/2019 15:30,604.7,79.29,589.1
7/1/2019 15:45,603.7,79.03,589.8
7/1/2019 16:00,602.7,78.76,590.7
7/1/2019 16:15,602,78.64,590.9
7/1/2019 16:30,601.4,78.4,591.9
7/1/2019 16:45,600.7,78.13,593
7/1/2019 17:00,599.4,77.83,593.9
7/1/2019 17:15,598.1,77.5,594.8
7/1/2019 17:30,597.1,77.14,596.3
7/1/2019 17:45,595.4,76.71,597.6
7/1/2019 18:00,594.1,76.3,599.2
7/1/2019 18:15,592.4,75.88,600.4
7/1/2019 18:30,591.1,75.49,601.9
7/1/2019 18:45,589.4,75.09,603
7/1/2019 19:00,587.4,74.68,604
7/1/2019 19:15,585.3,74.32,604.4
7/1/2019 19:30,584,73.96,605.7
7/1/2019 19:45,581.6,73.67,605.3
7/1/2019 20:00,579.9,73.36,605.7
7/1/2019 20:15,577.8,73.06,605.8
7/1/2019 20:30,575.7,72.77,605.7
7/1/2019 20:45,574.3,72.48,606.3
7/1/2019 21:00,573,72.23,606.8
7/1/2019 21:15,571.2,71.96,606.9
7/1/2019 21:30,569.5,71.71,606.9
7/1/2019 21:45,568.5,71.49,607.5
7/1/2019 22:00,567.1,71.22,608
7/1/2019 22:15,565.3,71.01,607.7
7/1/2019 22:30,564,70.79,607.9
7/1/2019 22:45,562.6,70.59,607.9
7/1/2019 23:00,561.2,70.38,608
7/1/2019 23:15,559.8,70.21,607.7
7/1/2019 23:30,558.8,70.02,608.1
7/1/2019 23:45,561.4,69.82,612.4
7/2/2019 0:00,556.7,69.64,608.7
7/2/2019 0:15,555.7,69.48,608.8
7/2/2019 0:30,555,69.3,609.4
7/2/2019 0:45,553.9,69.12,609.6
7/2/2019 1:00,553.6,68.97,610.3
7/2/2019 1:15,552.6,68.81,610.5
7/2/2019 1:30,551.9,68.67,610.8
7/2/2019 1:45,551.2,68.54,611
7/2/2019 2:00,550.2,68.38,611.1
7/2/2019 2:15,548.4,68.23,610.2
7/2/2019 2:30,547,68.11,609.6
7/2/2019 2:45,545.6,67.95,609.3
7/2/2019 3:00,544.1,67.84,608.5
7/2/2019 3:15,542.7,67.73,607.7
7/2/2019 3:30,540.9,67.62,606.5
7/2/2019 3:45,539.5,67.5,605.9
7/2/2019 4:00,538.8,67.41,605.8
7/2/2019 4:15,537.4,67.32,605
7/2/2019 4:30,537,67.23,605.2
7/2/2019 4:45,536,67.15,604.6
7/2/2019 5:00,535.3,67.06,604.5
7/2/2019 5:15,534.6,66.99,604.3
7/2/2019 5:30,534.2,66.96,604.1
7/2/2019 5:45,533.8,66.94,603.8
7/2/2019 6:00,534.2,66.94,604.3
7/2/2019 6:15,534.6,66.97,604.4
7/2/2019 6:30,535.6,67.06,604.9
7/2/2019 6:45,536.7,67.17,605.3
7/2/2019 7:00,538.5,67.32,606.2
7/2/2019 7:15,540.2,67.48,606.9
7/2/2019 7:30,541.6,67.69,606.8
7/2/2019 7:45,543.4,67.95,606.9
7/2/2019 8:00,545.1,68.25,606.4
7/2/2019 8:15,546.8,68.59,605.7
7/2/2019 8:30,549.2,69.01,605.2
7/2/2019 8:45,551.6,69.48,604.3
7/2/2019 9:00,554,70,603
7/2/2019 9:15,557.5,70.54,602.8
7/2/2019 9:30,560.6,71.15,601.6
7/2/2019 9:45,564,71.82,600.3
7/2/2019 10:00,567.4,72.43,599.4
7/2/2019 10:15,570.2,72.99,598.3
7/2/2019 10:30,573.2,73.63,596.8
7/2/2019 10:45,574.9,73.94,596.3
7/2/2019 11:00,578,74.62,594.7
7/2/2019 11:15,581,75.27,593.2
7/2/2019 11:30,583.1,75.67,592.5
7/2/2019 11:45,583.8,75.79,592.4
7/2/2019 12:00,585.1,76.1,591.5
7/2/2019 12:15,588.2,76.66,590.8
7/2/2019 12:30,590.6,77.09,590.2
7/2/2019 12:45,593.3,77.63,589.2
7/2/2019 13:00,595.3,78.13,587.7
7/2/2019 13:15,596.7,78.42,587.1
7/2/2019 13:30,599.7,78.96,586.4
7/2/2019 13:45,602.1,79.47,585.4
7/2/2019 14:00,604.8,79.9,585.1
7/2/2019 14:15,606.2,80.19,584.5
7/2/2019 14:30,607.9,80.42,584.6
7/2/2019 14:45,607.9,80.35,585.1
7/2/2019 15:00,610.3,80.74,584.7
7/2/2019 15:15,612.1,80.89,585.5
7/2/2019 15:30,611.7,80.85,585.4
7/2/2019 15:45,612.5,80.74,586.9
7/2/2019 16:00,611.6,80.35,588.6
7/2/2019 16:15,610.2,80.08,589.1
7/2/2019 16:30,609.2,79.84,589.7
7/2/2019 16:45,607.9,79.41,591.4
7/2/2019 17:00,606.6,79.11,592.2
7/2/2019 17:15,604.6,78.57,593.9
7/2/2019 17:30,602.9,78.19,594.8
7/2/2019 17:45,601.6,77.77,596.4
7/2/2019 18:00,600.3,77.36,598
7/2/2019 18:15,598.6,76.96,599.1
7/2/2019 18:30,596.6,76.55,600
7/2/2019 18:45,595.2,76.19,601.1
7/2/2019 19:00,593.6,75.81,602.2
7/2/2019 19:15,591.9,75.47,602.9
7/2/2019 19:30,590.2,75.11,603.7
7/2/2019 19:45,589.2,74.82,604.8
7/2/2019 20:00,587.1,74.48,605.1
7/2/2019 20:15,586.1,74.19,606.1
7/2/2019 20:30,585.5,73.9,607.6
7/2/2019 20:45,584.1,73.62,608.3
7/2/2019 21:00,582.8,73.38,608.6
7/2/2019 21:15,581.7,73.18,608.9
7/2/2019 21:30,580.7,73,609.2
7/2/2019 21:45,580,72.84,609.7
7/2/2019 22:00,578.6,72.66,609.5
7/2/2019 22:15,577.2,72.52,609.1
7/2/2019 22:30,576.2,72.36,609.3
7/2/2019 22:45,575.5,72.21,609.6
7/2/2019 23:00,573.7,72.05,608.9
7/2/2019 23:15,572.7,71.89,609
7/2/2019 23:30,572,71.74,609.3
7/2/2019 23:45,571,71.6,609.3
7/3/2019 0:00,570.3,71.47,609.5
7/3/2019 0:15,569.3,71.29,609.8
7/3/2019 0:30,568.6,71.15,610.1
7/3/2019 0:45,567.2,70.99,609.9
7/3/2019 1:00,566.1,70.84,609.8
7/3/2019 1:15,564.7,70.7,609.3
7/3/2019 1:30,563.7,70.57,609.2
7/3/2019 1:45,562.6,70.52,608.4
7/3/2019 2:00,561.5,70.45,607.8
7/3/2019 2:15,560.1,70.36,606.9
7/3/2019 2:30,559.4,70.27,606.8
7/3/2019 2:45,557.6,70.2,605.4
7/3/2019 3:00,556.5,70.12,604.8
7/3/2019 3:15,554.8,70.02,603.7
7/3/2019 3:30,553.3,69.94,602.6
7/3/2019 3:45,552.3,69.84,602.4
7/3/2019 4:00,550.5,69.75,601.1
7/3/2019 4:15,549.8,69.67,600.8
7/3/2019 4:30,548.7,69.57,600.4
7/3/2019 4:45,547.3,69.48,599.6
7/3/2019 5:00,546.6,69.39,599.5
7/3/2019 5:15,545.5,69.3,599
7/3/2019 5:30,545.2,69.21,599.3
7/3/2019 5:45,544.5,69.17,598.8
7/3/2019 6:00,544.5,69.15,598.9
7/3/2019 6:15,544.1,69.12,598.8
7/3/2019 6:30,545.2,69.15,599.7
7/3/2019 6:45,545.9,69.22,599.9
7/3/2019 7:00,547.3,69.3,600.9
7/3/2019 7:15,549.1,69.42,602
7/3/2019 7:30,550.5,69.6,602.1
7/3/2019 7:45,552.3,69.84,602.4
7/3/2019 8:00,554.7,70.12,602.8
7/3/2019 8:15,556.8,70.43,602.8
7/3/2019 8:30,558.9,70.79,602.4
7/3/2019 8:45,560.2,71.15,601.1
7/3/2019 9:00,562.6,71.56,600.6
7/3/2019 9:15,565.7,72.03,600.5
7/3/2019 9:30,568.5,72.55,599.7
7/3/2019 9:45,571.2,73.09,598.6
7/3/2019 10:00,573.9,73.67,597.2
7/3/2019 10:15,576.7,74.23,596.2
7/3/2019 10:30,579,74.82,594.3
7/3/2019 10:45,581.7,75.42,592.9
7/3/2019 11:00,584.4,75.99,591.6
7/3/2019 11:15,587.9,76.57,591.1
7/3/2019 11:30,591.6,77.2,590.4
7/3/2019 11:45,594.7,77.81,589.3
7/3/2019 12:00,596.7,78.22,588.5
7/3/2019 12:15,598.8,78.62,587.8
7/3/2019 12:30,599.8,78.76,587.8
7/3/2019 12:45,599.8,78.85,587.2
7/3/2019 13:00,600.1,79.03,586.3
7/3/2019 13:15,601.1,79.21,586.1
7/3/2019 13:30,601.8,79.38,585.7
7/3/2019 13:45,603.1,79.59,585.5
7/3/2019 14:00,604.8,79.88,585.2
7/3/2019 14:15,606.9,80.13,585.5
7/3/2019 14:30,608.3,80.31,585.7
7/3/2019 14:45,609,80.42,585.6
7/3/2019 15:00,610.7,80.67,585.6
7/3/2019 15:15,611.5,80.64,586.6
7/3/2019 15:30,610.4,80.46,586.8
7/3/2019 15:45,610.5,80.29,587.9
7/3/2019 16:00,609.2,79.88,589.5
7/3/2019 16:15,607.9,79.57,590.3
7/3/2019 16:30,607.2,79.25,591.8
7/3/2019 16:45,605.6,78.82,593.2
7/3/2019 17:00,603.9,78.35,594.7
7/3/2019 17:15,602.2,77.99,595.5
7/3/2019 17:30,601.3,77.63,597.1
7/3/2019 17:45,599.9,77.32,597.8
7/3/2019 18:00,599.3,77.05,599.1
7/3/2019 18:15,597.9,76.78,599.6
7/3/2019 18:30,596.9,76.53,600.4
7/3/2019 18:45,596.3,76.26,601.7
7/3/2019 19:00,595.7,76.03,602.8
7/3/2019 19:15,594.7,75.78,603.5
7/3/2019 19:30,593.3,75.49,604.2
7/3/2019 19:45,591.9,75.2,604.8
7/3/2019 20:00,590.6,74.93,605.4
7/3/2019 20:15,588.9,74.62,605.9
7/3/2019 20:30,587.5,74.35,606.4
7/3/2019 20:45,586.1,74.1,606.8
7/3/2019 21:00,584.1,73.81,606.8
7/3/2019 21:15,582.7,73.58,607.1
7/3/2019 21:30,581,73.33,607.1
7/3/2019 21:45,579.9,73.11,607.6
7/3/2019 22:00,578.5,72.95,607.3
7/3/2019 22:15,577.1,72.75,607.3
7/3/2019 22:30,575.8,72.57,607.2
7/3/2019 22:45,574,72.37,606.8
7/3/2019 23:00,572.6,72.21,606.5
7/3/2019 23:15,571.2,72.03,606.4
7/3/2019 23:30,570.2,71.85,606.6
7/3/2019 23:45,568.8,71.67,606.5
7/4/2019 0:00,567.4,71.51,606.2
7/4/2019 0:15,566,71.33,606
7/4/2019 0:30,564.6,71.19,605.6
7/4/2019 0:45,563.5,71.04,605.5
7/4/2019 1:00,563.9,70.88,607.1
7/4/2019 1:15,562.9,70.74,607.1
7/4/2019 1:30,560,70.57,605.2
7/4/2019 1:45,559.3,70.45,605.4
7/4/2019 2:00,557.9,70.32,604.8
7/4/2019 2:15,556.5,70.16,604.5
7/4/2019 2:30,555.8,70.05,604.6
7/4/2019 2:45,554.8,69.94,604.3
7/4/2019 3:00,554.1,69.85,604.2
7/4/2019 3:15,552.6,69.75,603.4
7/4/2019 3:30,551.9,69.67,603.1
7/4/2019 3:45,550.9,69.62,602.5
7/4/2019 4:00,549.4,69.53,601.5
7/4/2019 4:15,548.7,69.44,601.4
7/4/2019 4:30,547.7,69.37,600.8
7/4/2019 4:45,547,69.3,600.6
7/4/2019 5:00,545.9,69.26,599.7
7/4/2019 5:15,544.8,69.19,599
7/4/2019 5:30,544.1,69.15,598.5
7/4/2019 5:45,544.1,69.12,598.8
7/4/2019 6:00,544.1,69.1,598.9
7/4/2019 6:15,544.5,69.17,598.8
7/4/2019 6:30,545.2,69.21,599.3
7/4/2019 6:45,545.9,69.3,599.4
7/4/2019 7:00,547.3,69.39,600.3
7/4/2019 7:15,548.7,69.49,601
7/4/2019 7:30,550.1,69.62,601.6
7/4/2019 7:45,551.9,69.73,602.7
7/4/2019 8:00,554.1,69.85,604.2
7/4/2019 8:15,555.8,70.03,604.7
7/4/2019 8:30,558,70.2,605.9
7/4/2019 8:45,559.7,70.41,606.1
7/4/2019 9:00,561.8,70.65,606.6
7/4/2019 9:15,563.9,70.9,607
7/4/2019 9:30,566,71.28,606.4
7/4/2019 9:45,568,71.69,605.5
7/4/2019 10:00,569.4,72,604.7
7/4/2019 10:15,570.4,72.36,603.1
7/4/2019 10:30,572.7,72.97,601.1
7/4/2019 10:45,574.7,73.47,599.5
7/4/2019 11:00,577.1,73.99,598.2
7/4/2019 11:15,578.8,74.41,597
7/4/2019 11:30,580.1,74.75,595.9
7/4/2019 11:45,581.4,75.11,594.7
7/4/2019 12:00,582.1,75.42,593.3
7/4/2019 12:15,583.8,75.79,592.4
7/4/2019 12:30,584.4,76.12,590.7
7/4/2019 12:45,584,76.19,589.8
7/4/2019 13:00,583.6,76.19,589.4
7/4/2019 13:15,583.3,76.14,589.5
7/4/2019 13:30,582.9,76.12,589.2
7/4/2019 13:45,582.6,76.1,589
7/4/2019 14:00,582.5,76.19,588.3
7/4/2019 14:15,585.3,76.66,587.9
7/4/2019 14:30,588,77.14,587.2
7/4/2019 14:45,590.1,77.47,587.1
7/4/2019 15:00,592.1,77.85,586.5
7/4/2019 15:15,593.2,78.03,586.4
7/4/2019 15:30,593.5,78.1,586.2
7/4/2019 15:45,592.5,77.81,587.1
7/4/2019 16:00,591.2,77.41,588.6
7/4/2019 16:15,589.9,77.07,589.6
7/4/2019 16:30,589.6,76.84,590.9
7/4/2019 16:45,589.6,76.73,591.7
7/4/2019 17:00,589.7,76.57,592.9
7/4/2019 17:15,588.7,76.3,593.8
7/4/2019 17:30,586.6,75.88,594.6
7/4/2019 17:45,586.6,74.86,601.8
7/4/2019 18:00,527.2,75.61,536.1
7/4/2019 18:15,424,77.63,421
7/4/2019 18:30,530.7,78.33,522.7
7/4/2019 18:45,581.8,78.51,571.9
7/4/2019 19:00,597.3,78.62,586.4
7/4/2019 19:15,602.4,78.57,591.7
7/4/2019 19:30,605,78.51,594.7
7/4/2019 19:45,604.7,78.33,595.6
7/4/2019 20:00,601.1,78.13,593.4
7/4/2019 20:15,594.6,77.94,588.4
7/4/2019 20:30,587.1,77.7,582.5
7/4/2019 20:45,579.9,77.47,576.9
7/4/2019 21:00,572.8,77.22,571.6
7/4/2019 21:15,566,76.96,566.4
7/4/2019 21:30,560.2,76.71,562.3
7/4/2019 21:45,556,76.41,560.1
7/4/2019 22:00,552.8,76.14,558.6
7/4/2019 22:15,550.7,75.9,558.1
7/4/2019 22:30,549,75.69,557.8
7/4/2019 22:45,547.9,75.47,558.1
7/4/2019 23:00,546.2,75.22,558
7/4/2019 23:15,545.2,75.04,558.2
7/4/2019 23:30,543.8,74.82,558.2
7/4/2019 23:45,543.1,74.59,559
7/5/2019 0:00,543.2,74.41,560.3
7/5/2019 0:15,543.2,74.21,561.6
7/5/2019 0:30,543.3,74.03,563
7/5/2019 0:45,543.4,73.83,564.4
7/5/2019 1:00,543.1,73.67,565.2
7/5/2019 1:15,543.1,73.45,566.7
7/5/2019 1:30,543.2,73.27,568
7/5/2019 1:45,542.5,73.06,568.8
7/5/2019 2:00,542.2,72.88,569.7
7/5/2019 2:15,541.5,72.7,570.2
7/5/2019 2:30,541.2,72.54,571
7/5/2019 2:45,540.6,72.36,571.6
7/5/2019 3:00,539.9,72.16,572.2
7/5/2019 3:15,538.9,71.96,572.6
7/5/2019 3:30,537.5,71.78,572.3
7/5/2019 3:45,536.4,71.58,572.6
7/5/2019 4:00,534.7,71.38,572.1
7/5/2019 4:15,532.5,71.2,571
7/5/2019 4:30,530.8,71.01,570.6
7/5/2019 4:45,528.6,70.86,569.2
7/5/2019 5:00,526.1,70.7,567.7
7/5/2019 5:15,523.6,70.56,566
7/5/2019 5:30,522.2,70.43,565.4
7/5/2019 5:45,520.8,70.34,564.5
7/5/2019 6:00,519.7,70.34,563.3
7/5/2019 6:15,520.1,70.36,563.6
7/5/2019 6:30,519.3,70.47,562
7/5/2019 6:45,520,70.56,562.1
7/5/2019 7:00,520,70.66,561.3
7/5/2019 7:15,520.3,70.81,560.7
7/5/2019 7:30,520.3,70.93,559.8
7/5/2019 7:45,520.2,71.04,559
7/5/2019 8:00,521.3,71.17,559.3
7/5/2019 8:15,521.9,71.37,558.6
7/5/2019 8:30,523,71.62,558
7/5/2019 8:45,524,71.83,557.6
7/5/2019 9:00,525,72.12,556.7
7/5/2019 9:15,526.4,72.37,556.5
7/5/2019 9:30,527.7,72.66,555.9
7/5/2019 9:45,529.1,72.97,555.3
7/5/2019 10:00,530.8,73.36,554.4
7/5/2019 10:15,533.9,73.85,554.4
7/5/2019 10:30,535.3,74.07,554.4
7/5/2019 10:45,538.8,74.64,554.2
7/5/2019 11:00,541.5,75.07,554.1
7/5/2019 11:15,545.3,75.69,554
7/5/2019 11:30,549.5,76.37,553.8
7/5/2019 11:45,553.3,76.98,553.6
7/5/2019 12:00,557.1,77.52,553.9
7/5/2019 12:15,560.2,78.08,553.4
7/5/2019 12:30,563.6,78.57,553.6
7/5/2019 12:45,562,79,549.3
7/5/2019 13:00,568.4,79.38,553.2
7/5/2019 13:15,569.1,79.52,552.9
7/5/2019 13:30,571.9,79.92,553.1
7/5/2019 13:45,573.6,80.15,553.3
7/5/2019 14:00,574.6,80.33,553.1
7/5/2019 14:15,576.7,80.62,553.3
7/5/2019 14:30,576.4,80.56,553.4
7/5/2019 14:45,577.4,80.74,553.2
7/5/2019 15:00,577.4,80.74,553.2
7/5/2019 15:15,577.5,80.56,554.4
7/5/2019 15:30,576.5,80.26,555.4
7/5/2019 15:45,574.1,79.74,556.4
7/5/2019 16:00,571.7,79.21,557.4
7/5/2019 16:15,571.8,79.03,558.7
7/5/2019 16:30,571.9,78.84,560
7/5/2019 16:45,571.6,78.58,561.4
7/5/2019 17:00,570.9,78.35,562.2
7/5/2019 17:15,569.2,78.01,562.8
7/5/2019 17:30,567.9,77.61,564.1
7/5/2019 17:45,565.9,77.22,564.7
7/5/2019 18:00,564.5,76.93,565.2
7/5/2019 18:15,562.5,76.57,565.6
7/5/2019 18:30,560,76.21,565.4
7/5/2019 18:45,558,75.9,565.5
7/5/2019 19:00,555.1,75.63,564.3
7/5/2019 19:15,553,75.4,563.7
7/5/2019 19:30,551.3,75.2,563.3
7/5/2019 19:45,549.5,75.04,562.6
7/5/2019 20:00,547.4,74.86,561.6
7/5/2019 20:15,546,74.7,561.3
7/5/2019 20:30,543.9,74.52,560.3
7/5/2019 20:45,541.4,74.34,558.9
7/5/2019 21:00,539.6,74.19,558
7/5/2019 21:15,538.2,74.03,557.7
7/5/2019 21:30,536.4,73.89,556.8
7/5/2019 21:45,535.4,73.71,556.9
7/5/2019 22:00,534,73.56,556.4
7/5/2019 22:15,532.6,73.4,556.1
7/5/2019 22:30,531.6,73.26,556
7/5/2019 22:45,530.9,73.09,556.3
7/5/2019 23:00,529.5,72.97,555.7
7/5/2019 23:15,528.8,72.84,555.8
7/5/2019 23:30,528.4,72.73,556.1
7/5/2019 23:45,528.1,72.63,556.6
7/6/2019 0:00,527.1,72.48,556.5
7/6/2019 0:15,526.4,72.34,556.7
7/6/2019 0:30,525.3,72.19,556.5
7/6/2019 0:45,523.6,72.03,555.8
7/6/2019 1:00,522.5,71.89,555.6
7/6/2019 1:15,521.8,71.73,556
7/6/2019 1:30,520.8,71.62,555.7
7/6/2019 1:45,519.7,71.47,555.5
7/6/2019 2:00,519.4,71.33,556.1
7/6/2019 2:15,518.3,71.26,555.4
7/6/2019 2:30,518,71.19,555.6
7/6/2019 2:45,517.7,71.11,555.8
7/6/2019 3:00,517.7,71.06,556.1
7/6/2019 3:15,517.3,71.01,556.1
7/6/2019 3:30,517.3,71.01,556.1
7/6/2019 3:45,528.6,70.99,568.4
7/6/2019 4:00,517,70.97,556
7/6/2019 4:15,517.3,70.97,556.3
7/6/2019 4:30,516.6,70.93,555.8
7/6/2019 4:45,515.9,70.9,555.3
7/6/2019 5:00,515.2,70.86,554.8
7/6/2019 5:15,514.8,70.84,554.5
7/6/2019 5:30,513.4,70.79,553.4
7/6/2019 5:45,512.3,70.77,552.3
7/6/2019 6:00,511.9,70.74,552.1
7/6/2019 6:15,511.6,70.68,552.2
7/6/2019 6:30,511.6,70.7,552
7/6/2019 6:45,512.7,70.74,553
7/6/2019 7:00,513.4,70.75,553.6
7/6/2019 7:15,514.8,70.79,554.9
7/6/2019 7:30,516.3,70.88,555.9
7/6/2019 7:45,518.1,70.97,557.2
7/6/2019 8:00,519.5,71.1,557.8
7/6/2019 8:15,520.9,71.26,558.2
7/6/2019 8:30,522.3,71.42,558.6
7/6/2019 8:45,523,71.58,558.2
7/6/2019 9:00,523.3,71.8,557.1
7/6/2019 9:15,524.7,72.01,557.1
7/6/2019 9:30,526,72.37,556
7/6/2019 9:45,528,72.84,555
7/6/2019 10:00,530.8,73.42,554.1
7/6/2019 10:15,533.5,74.07,552.6
7/6/2019 10:30,536.2,74.73,551
7/6/2019 10:45,538.6,75.27,549.9
7/6/2019 11:00,542,75.92,549.1
7/6/2019 11:15,545,76.57,548
7/6/2019 11:30,547.4,77.25,546
7/6/2019 11:45,551.2,77.88,545.8
7/6/2019 12:00,553.9,78.48,544.7
7/6/2019 12:15,556.6,79,544
7/6/2019 12:30,559.7,79.52,543.8
7/6/2019 12:45,562.1,79.99,543.2
7/6/2019 13:00,564.5,80.44,542.7
7/6/2019 13:15,566.5,80.85,542.1
7/6/2019 13:30,567.2,80.94,542.2
7/6/2019 13:45,566.8,80.89,542.2
7/6/2019 14:00,565.9,80.58,543.2
7/6/2019 14:15,566.5,80.73,542.9
7/6/2019 14:30,567.2,80.85,542.8
7/6/2019 14:45,569,81,543.6
7/6/2019 15:00,568.3,80.92,543.4
7/6/2019 15:15,570,81.1,543.9
7/6/2019 15:30,569.4,80.98,544.1
7/6/2019 15:45,569,80.89,544.3
7/6/2019 16:00,569.4,80.92,544.4
7/6/2019 16:15,569.8,80.85,545.3
7/6/2019 16:30,568,80.55,545.4
7/6/2019 16:45,566.7,80.2,546.3
7/6/2019 17:00,566.1,79.99,547.1
7/6/2019 17:15,564.4,79.63,547.7
7/6/2019 17:30,563.4,79.34,548.5
7/6/2019 17:45,561.7,78.94,549.4
7/6/2019 18:00,560.4,78.57,550.5
7/6/2019 18:15,559.4,78.26,551.5
7/6/2019 18:30,558,77.95,552
7/6/2019 18:45,557.4,77.68,553.2
7/6/2019 19:00,556.4,77.4,554
7/6/2019 19:15,555.8,77.11,555.3
7/6/2019 19:30,554.8,76.86,555.9
7/6/2019 19:45,554.1,76.62,556.8
7/6/2019 20:00,553.5,76.35,557.9
7/6/2019 20:15,552.8,76.1,558.9
7/6/2019 20:30,552.2,75.83,560.1
7/6/2019 20:45,551.2,75.6,560.6
7/6/2019 21:00,550.1,75.36,561
7/6/2019 21:15,549.1,75.16,561.3
7/6/2019 21:30,548.1,74.97,561.6
7/6/2019 21:45,548.1,74.82,562.6
7/6/2019 22:00,532.3,74.52,548.4
7/6/2019 22:15,532.7,74.32,550.1
7/6/2019 22:30,533.4,74.19,551.6
7/6/2019 22:45,534.6,74.07,553.7
7/6/2019 23:00,535.3,73.96,555.2
7/6/2019 23:15,536.1,73.81,556.9
7/6/2019 23:30,536.1,73.71,557.7
7/6/2019 23:45,536.2,73.58,558.6
7/7/2019 0:00,535.9,73.42,559.4
7/7/2019 0:15,534.8,73.29,559.1
7/7/2019 0:30,534.1,73.17,559.2
7/7/2019 0:45,534.2,72.99,560.5
7/7/2019 1:00,533.1,72.86,560.2
7/7/2019 1:15,532.4,72.7,560.6
7/7/2019 1:30,531.8,72.55,561
7/7/2019 1:45,531.1,72.43,561.1
7/7/2019 2:00,530.8,72.27,561.9
7/7/2019 2:15,529.7,72.14,561.6
7/7/2019 2:30,529,72.05,561.4
7/7/2019 2:45,528,71.94,561.1
7/7/2019 3:00,526.9,71.83,560.7
7/7/2019 3:15,525.8,71.73,560.2
7/7/2019 3:30,524.1,71.62,559.2
7/7/2019 3:45,523,71.47,559
7/7/2019 4:00,522,71.31,559
7/7/2019 4:15,520.5,71.19,558.3
7/7/2019 4:30,519.1,71.06,557.6
7/7/2019 4:45,517.7,70.93,557
7/7/2019 5:00,517,70.81,557.1
7/7/2019 5:15,517,70.74,557.6
7/7/2019 5:30,516.7,70.65,557.9
7/7/2019 5:45,517.4,70.59,559
7/7/2019 6:00,518.5,70.59,560.2
7/7/2019 6:15,519.6,70.59,561.4
7/7/2019 6:30,520.3,70.65,561.8
7/7/2019 6:45,521.8,70.74,562.8
7/7/2019 7:00,523.2,70.81,563.8
7/7/2019 7:15,523.9,70.93,563.7
7/7/2019 7:30,525.3,71.1,564.1
7/7/2019 7:45,526,71.28,563.6
7/7/2019 8:00,527.4,71.47,563.7
7/7/2019 8:15,528.7,71.74,563.2
7/7/2019 8:30,530.1,72.03,562.7
7/7/2019 8:45,532.2,72.37,562.6
7/7/2019 9:00,533.2,72.75,561.1
7/7/2019 9:15,534.9,73.17,560.1
7/7/2019 9:30,537.2,73.67,559.1
7/7/2019 9:45,539.6,74.21,557.9
7/7/2019 10:00,542,74.75,556.8
7/7/2019 10:15,544.7,75.27,556.1
7/7/2019 10:30,546.4,75.67,555.2
7/7/2019 10:45,549.2,76.1,555.2
7/7/2019 11:00,550.5,76.62,553.1
7/7/2019 11:15,551.5,76.75,553.3
7/7/2019 11:30,552.2,76.98,552.5
7/7/2019 11:45,555.3,77.5,552.2
7/7/2019 12:00,557.6,78.03,551.2
7/7/2019 12:15,559,78.44,549.9
7/7/2019 12:30,561.7,78.89,549.7
7/7/2019 12:45,562.7,79.16,549
7/7/2019 13:00,562.4,79.14,548.8
7/7/2019 13:15,562.4,79.14,548.8
7/7/2019 13:30,561.7,78.98,549.1
7/7/2019 13:45,560.7,78.78,549.4
7/7/2019 14:00,559.6,78.57,549.7
7/7/2019 14:15,559,78.4,550.1
7/7/2019 14:30,560,78.58,550
7/7/2019 14:45,560.7,78.71,549.9
7/7/2019 15:00,559.7,78.44,550.6
7/7/2019 15:15,558.6,78.26,550.7
7/7/2019 15:30,557.6,78.1,550.7
7/7/2019 15:45,557,77.85,551.7
7/7/2019 16:00,556.3,77.61,552.5
7/7/2019 16:15,556,77.4,553.6
7/7/2019 16:30,555.4,77.18,554.4
7/7/2019 16:45,554.7,76.96,555.1
7/7/2019 17:00,554.4,76.77,556.1
7/7/2019 17:15,554.1,76.62,556.8
7/7/2019 17:30,554.5,76.59,557.4
7/7/2019 17:45,554.5,76.55,557.6
7/7/2019 18:00,554.2,76.42,558.2
7/7/2019 18:15,553.9,76.23,559.2
7/7/2019 18:30,553.2,76.08,559.4
7/7/2019 18:45,552.5,75.83,560.4
7/7/2019 19:00,552.2,75.6,561.6
7/7/2019 19:15,551.2,75.36,562.1
7/7/2019 19:30,550.6,75.15,563
7/7/2019 19:45,550.3,74.89,564.4
7/7/2019 20:00,549.3,74.66,564.9
7/7/2019 20:15,548.3,74.41,565.6
7/7/2019 20:30,547.6,74.19,566.3
7/7/2019 20:45,546.2,73.94,566.6
7/7/2019 21:00,545.2,73.72,567
7/7/2019 21:15,544.2,73.51,567.4
7/7/2019 21:30,543.2,73.29,567.9
7/7/2019 21:45,541.8,73.11,567.6
7/7/2019 22:00,540.7,72.97,567.5
7/7/2019 22:15,540,72.82,567.7
7/7/2019 22:30,539.4,72.7,568
7/7/2019 22:45,539,72.59,568.3
7/7/2019 23:00,537.6,72.52,567.3
7/7/2019 23:15,537.6,72.43,567.9
7/7/2019 23:30,536.9,72.36,567.7
7/7/2019 23:45,536.9,72.3,568.1
7/8/2019 0:00,536.6,72.23,568.2
7/8/2019 0:15,535.9,72.14,568.1
7/8/2019 0:30,535.2,72.05,568
7/8/2019 0:45,535.2,72,568.4
7/8/2019 1:00,534.9,71.91,568.7
7/8/2019 1:15,534.2,71.82,568.6
7/8/2019 1:30,533.1,71.71,568.2
7/8/2019 1:45,532.4,71.6,568.2
7/8/2019 2:00,532.1,71.47,568.7
7/8/2019 2:15,531,71.33,568.5
7/8/2019 2:30,530.7,71.22,569
7/8/2019 2:45,530,71.11,569
7/8/2019 3:00,529.3,71.01,569
7/8/2019 3:15,528.6,70.93,568.7
7/8/2019 3:30,527.9,70.81,568.9
7/8/2019 3:45,526.9,70.7,568.5
7/8/2019 4:00,526.2,70.59,568.5
7/8/2019 4:15,525.1,70.54,567.7
7/8/2019 4:30,525.1,70.43,568.5
7/8/2019 4:45,525.2,70.38,569
7/8/2019 5:00,524.8,70.34,568.8
7/8/2019 5:15,524.4,70.3,568.6
7/8/2019 5:30,524.1,70.27,568.5
7/8/2019 5:45,524.1,70.23,568.8
7/8/2019 6:00,524.1,70.23,568.8
7/8/2019 6:15,524.1,70.25,568.7
7/8/2019 6:30,524.8,70.3,569.1
7/8/2019 6:45,525.2,70.38,569
7/8/2019 7:00,526.2,70.47,569.4
7/8/2019 7:15,526.6,70.56,569.2
7/8/2019 7:30,527.2,70.7,568.9
7/8/2019 7:45,528.3,70.86,568.9
7/8/2019 8:00,529.7,71.08,568.9
7/8/2019 8:15,531,71.37,568.3
7/8/2019 8:30,532.8,71.67,568.1
7/8/2019 8:45,534.8,72,568
7/8/2019 9:00,536.2,72.32,567.2
7/8/2019 9:15,539,72.73,567.3
7/8/2019 9:30,541,73.11,566.8
7/8/2019 9:45,544.2,73.63,566.6
7/8/2019 10:00,546.9,74.19,565.6
7/8/2019 10:15,548.9,74.7,564.3
7/8/2019 10:30,550.6,75,563.9
7/8/2019 10:45,553.4,75.49,563.5
7/8/2019 11:00,554.4,75.78,562.6
7/8/2019 11:15,555.4,75.99,562.2
7/8/2019 11:30,559.2,76.59,562.1
7/8/2019 11:45,560.2,76.73,562.2
7/8/2019 12:00,562.3,77.14,561.6
7/8/2019 12:15,566.1,77.74,561.5
7/8/2019 12:30,568.8,78.24,560.8
7/8/2019 12:45,569.5,78.21,561.8
7/8/2019 13:00,568.5,78.03,561.9
7/8/2019 13:15,571.3,78.48,561.8
7/8/2019 13:30,573.3,78.87,561.2
7/8/2019 13:45,573,78.73,561.8
7/8/2019 14:00,572,78.53,562.1
7/8/2019 14:15,574.7,78.89,562.4
7/8/2019 14:30,576.5,79.14,562.6
7/8/2019 14:45,577.2,79.2,562.9
7/8/2019 15:00,577.9,79.27,563.1
7/8/2019 15:15,577.9,79.21,563.5
7/8/2019 15:30,580,79.57,563.2
7/8/2019 15:45,579.3,79.38,563.8
7/8/2019 16:00,579.7,79.38,564.2
7/8/2019 16:15,580.8,79.36,565.3
7/8/2019 16:30,579.7,79.2,565.3
7/8/2019 16:45,578.7,79,565.6
7/8/2019 17:00,577.7,78.82,565.8
7/8/2019 17:15,576.3,78.55,566.2
7/8/2019 17:30,575,78.21,567.2
7/8/2019 17:45,572.9,77.85,567.5
7/8/2019 18:00,570.9,77.47,568
7/8/2019 18:15,569.2,77.09,568.8
7/8/2019 18:30,567.8,76.73,569.8
7/8/2019 18:45,566.2,76.35,570.7
7/8/2019 19:00,564.1,76.01,570.9
7/8/2019 19:15,562,75.67,571.1
7/8/2019 19:30,560.3,75.36,571.4
7/8/2019 19:45,558.2,75.09,571.1
7/8/2019 20:00,557.2,74.86,571.7
7/8/2019 20:15,556.5,74.66,572.3
7/8/2019 20:30,555.9,74.52,572.7
7/8/2019 20:45,555.5,74.37,573.3
7/8/2019 21:00,554.9,74.25,573.5
7/8/2019 21:15,554.2,74.12,573.6
7/8/2019 21:30,553.9,73.96,574.4
7/8/2019 21:45,551.4,73.81,572.8
7/8/2019 22:00,550.3,73.71,572.4
7/8/2019 22:15,549.3,73.56,572.4
7/8/2019 22:30,548.6,73.42,572.7
7/8/2019 22:45,547.9,73.31,572.7
7/8/2019 23:00,547.2,73.22,572.6
7/8/2019 23:15,546.9,73.11,573
7/8/2019 23:30,546.9,73.06,573.4
7/8/2019 23:45,546.2,72.95,573.4
7/9/2019 0:00,545.1,72.84,573
7/9/2019 0:15,544.4,72.75,572.9
7/9/2019 0:30,543.7,72.66,572.8
7/9/2019 0:45,542.3,72.59,571.8
7/9/2019 1:00,540.9,72.52,570.8
7/9/2019 1:15,539.8,72.45,570.1
7/9/2019 1:30,538.4,72.36,569.3
7/9/2019 1:45,537.3,72.3,568.5
7/9/2019 2:00,537,72.23,568.7
7/9/2019 2:15,537.3,72.14,569.6
7/9/2019 2:30,537.4,72.07,570.2
7/9/2019 2:45,537,72,570.3
7/9/2019 3:00,536.3,71.92,570.1
7/9/2019 3:15,534.9,71.83,569.2
7/9/2019 3:30,532,71.8,566.4
7/9/2019 3:45,528.8,71.69,563.7
7/9/2019 4:00,524.8,71.6,560
7/9/2019 4:15,521.5,71.51,557.1
7/9/2019 4:30,517.6,71.42,553.6
7/9/2019 4:45,512.9,71.33,549.2
7/9/2019 5:00,506.7,71.22,543.2
7/9/2019 5:15,500.9,71.15,537.5
7/9/2019 5:30,495.5,71.04,532.4
7/9/2019 5:45,490.8,70.95,527.9
7/9/2019 6:00,488.3,70.9,525.6
7/9/2019 6:15,487.5,70.84,525.1
7/9/2019 6:30,487.6,70.79,525.6
7/9/2019 6:45,488.3,70.75,526.5
7/9/2019 7:00,490.5,70.74,529
7/9/2019 7:15,492.3,70.74,531
7/9/2019 7:30,494.5,70.75,533.2
7/9/2019 7:45,497,70.77,535.8
7/9/2019 8:00,499.6,70.81,538.4
7/9/2019 8:15,502.8,70.88,541.3
7/9/2019 8:30,506.1,70.9,544.8
7/9/2019 8:45,509.7,70.99,548
7/9/2019 9:00,513.3,71.06,551.4
7/9/2019 9:15,516.2,71.11,554.2
7/9/2019 9:30,518.4,71.19,556
7/9/2019 9:45,521.3,71.26,558.6
7/9/2019 10:00,523.4,71.33,560.4
7/9/2019 10:15,525.2,71.38,562
7/9/2019 10:30,526.3,71.42,562.9
7/9/2019 10:45,527.4,71.44,563.9
7/9/2019 11:00,528.4,71.51,564.5
7/9/2019 11:15,529.2,71.56,565
7/9/2019 11:30,530.2,71.64,565.6
7/9/2019 11:45,531.3,71.82,565.5
7/9/2019 12:00,532.3,72.03,565.1
7/9/2019 12:15,532.6,72.14,564.6
7/9/2019 12:30,533,72.23,564.4
7/9/2019 12:45,534,72.46,563.9
7/9/2019 13:00,535,72.77,562.9
7/9/2019 13:15,536,72.95,562.7
7/9/2019 13:30,536.7,73.09,562.4
7/9/2019 13:45,537.7,73.33,561.9
7/9/2019 14:00,539.1,73.63,561.3
7/9/2019 14:15,540.8,74.03,560.4
7/9/2019 14:30,543.2,74.37,560.6
7/9/2019 14:45,543.5,74.55,559.7
7/9/2019 15:00,544.9,74.77,559.7
7/9/2019 15:15,546.6,75.09,559.2
7/9/2019 15:30,547.3,75.2,559.2
7/9/2019 15:45,548,75.29,559.4
7/9/2019 16:00,549.7,75.56,559.3
7/9/2019 16:15,549.4,75.4,560.1
7/9/2019 16:30,550.5,75.4,561.2
7/9/2019 16:45,549.8,75.25,561.4
7/9/2019 17:00,549.8,75.16,562
7/9/2019 17:15,549.5,75,562.8
7/9/2019 17:30,549.6,74.89,563.6
7/9/2019 17:45,548.9,74.68,564.4
7/9/2019 18:00,553.7,74.46,570.8
7/9/2019 18:15,548.3,74.3,566.3
7/9/2019 18:30,547.6,74.07,567.2
7/9/2019 18:45,547.4,73.83,568.6
7/9/2019 19:00,546.7,73.62,569.3
7/9/2019 19:15,546.8,73.4,570.9
7/9/2019 19:30,546.1,73.26,571.2
7/9/2019 19:45,546.1,73.09,572.3
7/9/2019 20:00,545.5,72.97,572.5
7/9/2019 20:15,545.5,72.84,573.4
7/9/2019 20:30,545.2,72.73,573.8
7/9/2019 20:45,545.2,72.63,574.6
7/9/2019 21:00,545.2,72.52,575.3
7/9/2019 21:15,544.5,72.43,575.2
7/9/2019 21:30,544.2,72.34,575.5
7/9/2019 21:45,543.9,72.25,575.9
7/9/2019 22:00,543.9,72.16,576.5
7/9/2019 22:15,543.5,72.1,576.4
7/9/2019 22:30,542.8,72,576.5
7/9/2019 22:45,542.5,71.89,576.9
7/9/2019 23:00,541.8,71.74,577.2
7/9/2019 23:15,540.4,71.6,576.7
7/9/2019 23:30,539.7,71.42,577.2
7/9/2019 23:45,547.4,71.28,586.5
7/10/2019 0:00,536.9,71.08,576.6
7/10/2019 0:15,536.3,70.9,577.3
7/10/2019 0:30,558.5,70.74,602.4
7/10/2019 0:45,533.8,70.52,577.3
7/10/2019 1:00,533.5,70.36,578.1
7/10/2019 1:15,531.8,70.2,577.4
7/10/2019 1:30,531.1,70,578.1
7/10/2019 1:45,529.3,69.8,577.5
7/10/2019 2:00,528.3,69.6,577.9
7/10/2019 2:15,527.6,69.51,577.7
7/10/2019 2:30,526.5,69.39,577.4
7/10/2019 2:45,525.5,69.3,577
7/10/2019 3:00,524.8,69.12,577.5
7/10/2019 3:15,524.5,69.01,578
7/10/2019 3:30,523,68.94,576.8
7/10/2019 3:45,522.3,68.86,576.6
7/10/2019 4:00,522,68.79,576.8
7/10/2019 4:15,520.9,68.7,576.2
7/10/2019 4:30,520.2,68.63,576
7/10/2019 4:45,519.2,68.49,575.9
7/10/2019 5:00,518.5,68.41,575.6
7/10/2019 5:15,517.4,68.27,575.5
7/10/2019 5:30,517.4,68.27,575.5
7/10/2019 5:45,517.4,68.31,575.2
7/10/2019 6:00,517.8,68.31,575.6
7/10/2019 6:15,518.5,68.34,576.2
7/10/2019 6:30,518.8,68.41,576
7/10/2019 6:45,519.5,68.49,576.2
7/10/2019 7:00,520.6,68.59,576.7
7/10/2019 7:15,522.4,68.7,577.9
7/10/2019 7:30,523.4,68.85,577.9
7/10/2019 7:45,525.2,69.01,578.8
7/10/2019 8:00,527.3,69.21,579.6
7/10/2019 8:15,529.4,69.44,580.2
7/10/2019 8:30,531.5,69.73,580.5
7/10/2019 8:45,533.6,70,580.8
7/10/2019 9:00,535.7,70.27,581.1
7/10/2019 9:15,537.1,70.54,580.7
7/10/2019 9:30,539.5,70.97,580.2
7/10/2019 9:45,540.6,71.11,580.4
7/10/2019 10:00,542.3,71.42,580
7/10/2019 10:15,543.3,71.58,579.9
7/10/2019 10:30,545.1,71.89,579.7
7/10/2019 10:45,546.8,72.21,579.2
7/10/2019 11:00,547.1,72.32,578.7
7/10/2019 11:15,548.5,72.55,578.6
7/10/2019 11:30,550.2,72.95,577.6
7/10/2019 11:45,552.6,73.42,576.8
7/10/2019 12:00,554.6,73.81,576.2
7/10/2019 12:15,554.9,73.96,575.5
7/10/2019 12:30,556.3,74.21,575.2
7/10/2019 12:45,559.8,74.75,575.1
7/10/2019 13:00,562.5,75.29,574.2
7/10/2019 13:15,563.5,75.47,574
7/10/2019 13:30,565.6,75.83,573.6
7/10/2019 13:45,568,76.26,573.1
7/10/2019 14:00,570.4,76.66,572.9
7/10/2019 14:15,570.7,76.75,572.6
7/10/2019 14:30,571.1,76.75,573
7/10/2019 14:45,574.2,77.25,572.7
7/10/2019 15:00,574.2,77.31,572.4
7/10/2019 15:15,574.9,77.38,572.6
7/10/2019 15:30,574.2,77.25,572.7
7/10/2019 15:45,573.5,77.22,572.3
7/10/2019 16:00,574.9,77.4,572.5
7/10/2019 16:15,575.2,77.4,572.8
7/10/2019 16:30,576,77.36,573.8
7/10/2019 16:45,575.3,77.18,574.3
7/10/2019 17:00,576,77.18,575
7/10/2019 17:15,575.4,76.95,576
7/10/2019 17:30,574.8,76.64,577.4
7/10/2019 17:45,573.4,76.46,577.3
7/10/2019 18:00,574.1,76.33,578.8
7/10/2019 18:15,573.8,76.15,579.7
7/10/2019 18:30,572.5,75.92,580
7/10/2019 18:45,571.5,75.7,580.5
7/10/2019 19:00,570.4,75.47,581
7/10/2019 19:15,569.1,75.22,581.4
7/10/2019 19:30,569.5,75,583.3
7/10/2019 19:45,568.5,74.79,583.8
7/10/2019 20:00,567.1,74.55,584
7/10/2019 20:15,566.5,74.34,584.9
7/10/2019 20:30,565.4,74.1,585.4
7/10/2019 20:45,564.1,73.89,585.5
7/10/2019 21:00,562.7,73.69,585.5
7/10/2019 21:15,562,73.49,586.1
7/10/2019 21:30,560.6,73.29,586.1
7/10/2019 21:45,562.1,73.11,588.9
7/10/2019 22:00,558.9,72.99,586.5
7/10/2019 22:15,557.5,72.84,586
7/10/2019 22:30,557.2,72.7,586.7
7/10/2019 22:45,556.8,72.57,587.2
7/10/2019 23:00,556.2,72.46,587.3
7/10/2019 23:15,555.5,72.37,587.2
7/10/2019 23:30,554,72.3,586.2
7/10/2019 23:45,553.3,72.21,586.1
7/11/2019 0:00,552.3,72.12,585.6
7/11/2019 0:15,551.6,72.03,585.5
7/11/2019 0:30,549.8,71.92,584.4
7/11/2019 0:45,546.9,71.83,582
7/11/2019 1:00,543.3,71.73,578.9
7/11/2019 1:15,539.3,71.6,575.5
7/11/2019 1:30,536.1,71.49,572.9
7/11/2019 1:45,533.9,71.37,571.4
7/11/2019 2:00,532.2,71.22,570.6
7/11/2019 2:15,532.6,71.11,571.8
7/11/2019 2:30,532.6,71.01,572.5
7/11/2019 2:45,533,70.93,573.5
7/11/2019 3:00,534.1,70.86,575.2
7/11/2019 3:15,534.8,70.81,576.3
7/11/2019 3:30,536.7,70.77,578.6
7/11/2019 3:45,537.1,70.74,579.3
7/11/2019 4:00,536.3,70.68,578.8
7/11/2019 4:15,537.1,70.66,579.8
7/11/2019 4:30,536.7,70.59,579.9
7/11/2019 4:45,537.1,70.57,580.5
7/11/2019 5:00,537.1,70.54,580.7
7/11/2019 5:15,536.8,70.52,580.5
7/11/2019 5:30,536.8,70.47,580.9
7/11/2019 5:45,536.8,70.45,581
7/11/2019 6:00,536.8,70.43,581.2
7/11/2019 6:15,536.8,70.38,581.5
7/11/2019 6:30,536.4,70.38,581.1
7/11/2019 6:45,537.2,70.41,581.7
7/11/2019 7:00,537.1,70.43,581.5
7/11/2019 7:15,538.2,70.47,582.4
7/11/2019 7:30,538.9,70.56,582.5
7/11/2019 7:45,540,70.68,582.8
7/11/2019 8:00,541.4,70.84,583.2
7/11/2019 8:15,542.1,70.99,582.9
7/11/2019 8:30,543.5,71.15,583.2
7/11/2019 8:45,544.1,71.31,582.7
7/11/2019 9:00,545.5,71.51,582.8
7/11/2019 9:15,546.6,71.73,582.4
7/11/2019 9:30,547.9,71.96,582.1
7/11/2019 9:45,548.9,72.27,581
7/11/2019 10:00,551,72.63,580.7
7/11/2019 10:15,553.1,72.97,580.5
7/11/2019 10:30,555.8,73.56,579.2
7/11/2019 10:45,559.6,74.23,578.5
7/11/2019 11:00,562,74.73,577.5
7/11/2019 11:15,565.4,75.36,576.6
7/11/2019 11:30,567.5,75.69,576.6
7/11/2019 11:45,570.2,76.23,575.6
7/11/2019 12:00,574.7,76.95,575.3
7/11/2019 12:15,577.4,77.5,574.2
7/11/2019 12:30,581.2,78.1,574
7/11/2019 12:45,582.9,78.42,573.5
7/11/2019 13:00,585.6,79,572.4
7/11/2019 13:15,587,79.2,572.4
7/11/2019 13:30,585.9,79.11,572
7/11/2019 13:45,584.5,78.87,572.1
7/11/2019 14:00,583.1,78.71,571.8
7/11/2019 14:15,575.7,78.21,567.9
7/11/2019 14:30,577.4,78.48,567.8
7/11/2019 14:45,573.9,78.13,566.6
7/11/2019 15:00,322.2,79.36,313.6
7/11/2019 15:15,313.6,79.11,306.1
7/11/2019 15:30,304.9,78.98,298.1
7/11/2019 15:45,543,76.24,548
7/11/2019 16:00,440,77.58,437.2
7/11/2019 16:15,404.9,78.76,396.8
7/11/2019 16:30,483.7,78.13,477.5
7/11/2019 16:45,520,77.79,515.4
7/11/2019 17:00,531.3,77.7,527.2
7/11/2019 17:15,532.7,77.68,528.7
7/11/2019 17:30,546.2,77.63,542.4
7/11/2019 17:45,556,77.52,552.8
7/11/2019 18:00,560.4,77.36,558.2
7/11/2019 18:15,561.5,77.25,560.1
7/11/2019 18:30,558.6,77.14,557.9
7/11/2019 18:45,554,77.04,554
7/11/2019 19:00,549.6,76.95,550.1
7/11/2019 19:15,545.7,76.78,547.3
7/11/2019 19:30,540.3,76.64,542.8
7/11/2019 19:45,534.9,76.46,538.5
7/11/2019 20:00,530.6,76.3,535.2
7/11/2019 20:15,526,76.12,531.7
7/11/2019 20:30,520.9,75.94,527.6
7/11/2019 20:45,515.6,75.74,523.5
7/11/2019 21:00,510.9,75.6,519.6
7/11/2019 21:15,507.3,75.42,517
7/11/2019 21:30,504.8,75.27,515.4
7/11/2019 21:45,503.4,75.15,514.7
7/11/2019 22:00,502.7,75,514.9
7/11/2019 22:15,503.5,74.88,516.5
7/11/2019 22:30,503.9,74.73,517.8
7/11/2019 22:45,505,74.55,520
7/11/2019 23:00,506.5,74.37,522.7
7/11/2019 23:15,507.7,74.21,524.9
7/11/2019 23:30,509.2,74.03,527.6
7/11/2019 23:45,509.6,73.83,529.3
7/12/2019 0:00,510,73.67,530.7
7/12/2019 0:15,509.7,73.49,531.6
7/12/2019 0:30,510.1,73.33,533
7/12/2019 0:45,509.4,73.17,533.4
7/12/2019 1:00,509.5,73,534.5
7/12/2019 1:15,507.7,72.82,533.8
7/12/2019 1:30,505.2,72.64,532.3
7/12/2019 1:45,505.6,72.46,533.9
7/12/2019 2:00,503.8,72.32,532.9
7/12/2019 2:15,502.1,72.19,531.9
7/12/2019 2:30,500.7,72.05,531.4
7/12/2019 2:45,498.9,71.91,530.4
7/12/2019 3:00,497.5,71.74,530
7/12/2019 3:15,495.7,71.6,529
7/12/2019 3:30,493.9,71.47,527.9
7/12/2019 3:45,492.5,71.33,527.3
7/12/2019 4:00,491.1,71.2,526.6
7/12/2019 4:15,489.3,71.08,525.5
7/12/2019 4:30,488.2,70.95,525.1
7/12/2019 4:45,487.2,70.84,524.8
7/12/2019 5:00,486.1,70.7,524.5
7/12/2019 5:15,485.8,70.57,525
7/12/2019 5:30,485.1,70.47,525
7/12/2019 5:45,485.8,70.41,526.1
7/12/2019 6:00,486.6,70.38,527.2
7/12/2019 6:15,487.7,70.38,528.4
7/12/2019 6:30,488.4,70.43,528.8
7/12/2019 6:45,489.8,70.45,530.2
7/12/2019 7:00,491.3,70.52,531.3
7/12/2019 7:15,492.7,70.59,532.3
7/12/2019 7:30,494.1,70.75,532.8
7/12/2019 7:45,495.9,70.93,533.6
7/12/2019 8:00,497.3,71.1,534
7/12/2019 8:15,499.4,71.28,535.1
7/12/2019 8:30,501.2,71.56,535.1
7/12/2019 8:45,502.9,71.85,535
7/12/2019 9:00,505.7,72.25,535.4
7/12/2019 9:15,508.8,72.68,535.9
7/12/2019 9:30,510.9,72.97,536.2
7/12/2019 9:45,514.1,73.45,536.4
7/12/2019 10:00,517.2,73.9,536.7
7/12/2019 10:15,521,74.46,537.1
7/12/2019 10:30,524.5,74.98,537.3
7/12/2019 10:45,6.7,79.7,6.5
